STAT_CODE,STAT_NAME,CYCLE,FULL_PATH
102Y004,"본원통화 구성내역(평잔, 계절조정계열)",M,"통화/금융 > 통화/유동성 > 본원통화 > 본원통화 구성내역 > 본원통화 구성내역(평잔, 계절조정계열)"
102Y002,"본원통화 구성내역(평잔, 원계열)",M,"통화/금융 > 통화/유동성 > 본원통화 > 본원통화 구성내역 > 본원통화 구성내역(평잔, 원계열)"
102Y003,"본원통화 구성내역(말잔, 계절조정계열)",M,"통화/금융 > 통화/유동성 > 본원통화 > 본원통화 구성내역 > 본원통화 구성내역(말잔, 계절조정계열)"
102Y001,"본원통화 구성내역(말잔, 원계열)",M,"통화/금융 > 통화/유동성 > 본원통화 > 본원통화 구성내역 > 본원통화 구성내역(말잔, 원계열)"
101Y018,"M1 상품별 구성내역(평잔, 계절조정계열)",M,"통화/금융 > 통화/유동성 > M1(협의통화) > M1(협의통화) 상품별 구성내역 > M1 상품별 구성내역(평잔, 계절조정계열)"
101Y019,"M1 상품별 구성내역(평잔, 원계열)",M,"통화/금융 > 통화/유동성 > M1(협의통화) > M1(협의통화) 상품별 구성내역 > M1 상품별 구성내역(평잔, 원계열)"
101Y016,"M1 상품별 구성내역(말잔, 계절조정계열)",M,"통화/금융 > 통화/유동성 > M1(협의통화) > M1(협의통화) 상품별 구성내역 > M1 상품별 구성내역(말잔, 계절조정계열)"
101Y017,"M1 상품별 구성내역(말잔, 원계열)",M,"통화/금융 > 통화/유동성 > M1(협의통화) > M1(협의통화) 상품별 구성내역 > M1 상품별 구성내역(말잔, 원계열)"
101Y003,"M2 상품별 구성내역(평잔, 계절조정계열)",M,"통화/금융 > 통화/유동성 > M2(광의통화) > M2(광의통화) 상품별 구성내역 > M2 상품별 구성내역(평잔, 계절조정계열)"
101Y004,"M2 상품별 구성내역(평잔, 원계열)",M,"통화/금융 > 통화/유동성 > M2(광의통화) > M2(광의통화) 상품별 구성내역 > M2 상품별 구성내역(평잔, 원계열)"
101Y001,"M2 상품별 구성내역(말잔, 계절조정계열)",M,"통화/금융 > 통화/유동성 > M2(광의통화) > M2(광의통화) 상품별 구성내역 > M2 상품별 구성내역(말잔, 계절조정계열)"
101Y002,"M2 상품별 구성내역(말잔, 원계열)",M,"통화/금융 > 통화/유동성 > M2(광의통화) > M2(광의통화) 상품별 구성내역 > M2 상품별 구성내역(말잔, 원계열)"
101Y006,"M2 경제주체별 보유현황(평잔, 계절조정계열)",M,"통화/금융 > 통화/유동성 > M2(광의통화) > M2(광의통화) 경제주체별 보유현황 > M2 경제주체별 보유현황(평잔, 계절조정계열)"
101Y015,"M2 경제주체별 보유현황(평잔, 원계열)",M,"통화/금융 > 통화/유동성 > M2(광의통화) > M2(광의통화) 경제주체별 보유현황 > M2 경제주체별 보유현황(평잔, 원계열)"
101Y005,"M2 경제주체별 보유현황(말잔, 계절조정계열)",M,"통화/금융 > 통화/유동성 > M2(광의통화) > M2(광의통화) 경제주체별 보유현황 > M2 경제주체별 보유현황(말잔, 계절조정계열)"
101Y014,"M2 경제주체별 보유현황(말잔, 원계열)",M,"통화/금융 > 통화/유동성 > M2(광의통화) > M2(광의통화) 경제주체별 보유현황 > M2 경제주체별 보유현황(말잔, 원계열)"
101Y008,M2 기관별구성내역(평잔),M,통화/금융 > 통화/유동성 > M2(광의통화) > M2 기관별 구성내역 > M2 기관별구성내역(평잔)
101Y007,M2 기관별구성내역(말잔),M,통화/금융 > 통화/유동성 > M2(광의통화) > M2 기관별 구성내역 > M2 기관별구성내역(말잔)
111Y003,"Lf 상품별 구성내역(평잔, 계절조정계열)",M,"통화/금융 > 통화/유동성 > Lf(금융기관 유동성) 관련통계 > Lf(금융기관 유동성) 상품별 구성내역 > Lf 상품별 구성내역(평잔, 계절조정계열)"
111Y004,"Lf 상품별 구성내역(평잔, 원계열)",M,"통화/금융 > 통화/유동성 > Lf(금융기관 유동성) 관련통계 > Lf(금융기관 유동성) 상품별 구성내역 > Lf 상품별 구성내역(평잔, 원계열)"
111Y001,"Lf 상품별 구성내역(말잔, 계절조정계열)",M,"통화/금융 > 통화/유동성 > Lf(금융기관 유동성) 관련통계 > Lf(금융기관 유동성) 상품별 구성내역 > Lf 상품별 구성내역(말잔, 계절조정계열)"
111Y002,"Lf 상품별 구성내역(말잔, 원계열)",M,"통화/금융 > 통화/유동성 > Lf(금융기관 유동성) 관련통계 > Lf(금융기관 유동성) 상품별 구성내역 > Lf 상품별 구성내역(말잔, 원계열)"
111Y006,Lf 기관별 구성내역(평잔),M,통화/금융 > 통화/유동성 > Lf(금융기관 유동성) 관련통계 > Lf 기관별 구성내역 > Lf 기관별 구성내역(평잔)
111Y005,Lf 기관별 구성내역(말잔),M,통화/금융 > 통화/유동성 > Lf(금융기관 유동성) 관련통계 > Lf 기관별 구성내역 > Lf 기관별 구성내역(말잔)
112Y001,"L(광의유동성) 구성내역(말잔, 계절조정계열)",M,"통화/금융 > 통화/유동성 > L(광의유동성) 구성내역 > L(광의유동성) 구성내역(말잔, 계절조정계열)"
112Y002,"L(광의유동성) 구성내역(말잔, 원계열)",M,"통화/금융 > 통화/유동성 > L(광의유동성) 구성내역 > L(광의유동성) 구성내역(말잔, 원계열)"
101Y009,예금취급기관 개관표(말잔),M,통화/금융 > 통화/유동성 > 예금취급기관 개관표 > 예금취급기관 개관표(말잔)
101Y010,중앙은행 개관표(말잔),M,통화/금융 > 통화/유동성 > 예금취급기관 개관표 > 중앙은행 개관표(말잔)
101Y011,기타예금취급기관 개관표(말잔),M,통화/금융 > 통화/유동성 > 예금취급기관 개관표 > 기타예금취급기관 개관표(말잔)
104Y014,예금은행 총수신(평잔),M,통화/금융 > 금융기관 여수신 > 수신 > 예금은행 수신 > 예금은행 총수신(평잔)
104Y013,예금은행 총수신(말잔),M,통화/금융 > 금융기관 여수신 > 수신 > 예금은행 수신 > 예금은행 총수신(말잔)
104Y008,"예금은행 원화예금(종별, 평잔)",M,"통화/금융 > 금융기관 여수신 > 수신 > 예금은행 수신 > 예금은행 원화예금(종별, 평잔)"
104Y015,"예금은행 원화예금(종별, 말잔)",M,"통화/금융 > 금융기관 여수신 > 수신 > 예금은행 수신 > 예금은행 원화예금(종별, 말잔)"
104Y009,"예금은행 원화예금(예금주별,말잔)",M,"통화/금융 > 금융기관 여수신 > 수신 > 예금은행 수신 > 예금은행 원화예금(예금주별,말잔)"
104Y010,"예금은행 정기예금(기간별, 말잔)",M,"통화/금융 > 금융기관 여수신 > 수신 > 예금은행 수신 > 예금은행 정기예금(기간별, 말잔)"
111Y008,비은행금융기관 수신(평잔),M,통화/금융 > 금융기관 여수신 > 수신 > 비은행금융기관 수신 > 비은행금융기관 수신(평잔)
111Y007,비은행금융기관 수신(말잔),M,통화/금융 > 금융기관 여수신 > 수신 > 비은행금융기관 수신 > 비은행금융기관 수신(말잔)
104Y016,예금은행 대출금(말잔),M,통화/금융 > 금융기관 여수신 > 여신 > 예금은행 대출금(말잔)
111Y009,비은행금융기관 여신(말잔),M,통화/금융 > 금융기관 여수신 > 여신 > 비은행금융기관 여신(말잔)
141Y002,예금은행 지역별 수신(말잔),M,통화/금융 > 금융기관 여수신 > 지역별 여수신 > 예금은행 지역별 수신(말잔)
141Y006,비은행예금취급기관 지역별 수신(말잔),M,통화/금융 > 금융기관 여수신 > 지역별 여수신 > 비은행예금취급기관 지역별 수신(말잔)
141Y008,생명보험회사 지역별 수신(말잔),M,통화/금융 > 금융기관 여수신 > 지역별 여수신 > 생명보험회사 지역별 수신(말잔)
141Y003,예금은행 지역별 대출금(말잔),M,통화/금융 > 금융기관 여수신 > 지역별 여수신 > 예금은행 지역별 대출금(말잔) > 예금은행 지역별 대출금(말잔)
151Y003,예금은행 지역별 가계대출(말잔),M,통화/금융 > 금융기관 여수신 > 지역별 여수신 > 예금은행 지역별 대출금(말잔) > 예금은행 지역별 가계대출(말잔)
141Y004,예금은행 지역별 기업대출(말잔),M,통화/금융 > 금융기관 여수신 > 지역별 여수신 > 예금은행 지역별 대출금(말잔) > 예금은행 지역별 기업대출(말잔)
141Y007,비은행예금취급기관 지역별 여신(말잔),M,통화/금융 > 금융기관 여수신 > 지역별 여수신 > 비은행예금취급기관 지역별 여신(말잔) > 비은행예금취급기관 지역별 여신(말잔)
151Y006,비은행예금취급기관 지역별 가계대출(말잔),M,통화/금융 > 금융기관 여수신 > 지역별 여수신 > 비은행예금취급기관 지역별 여신(말잔) > 비은행예금취급기관 지역별 가계대출(말잔)
141Y010,비은행예금취급기관 지역별 기업대출(말잔),M,통화/금융 > 금융기관 여수신 > 지역별 여수신 > 비은행예금취급기관 지역별 여신(말잔) > 비은행예금취급기관 지역별 기업대출(말잔)
141Y009,생명보험회사 지역별 여신(말잔),M,통화/금융 > 금융기관 여수신 > 지역별 여수신 > 생명보험회사 지역별 여신(말잔)
141Y005,예금은행 지역별 연체율,M,통화/금융 > 금융기관 여수신 > 지역별 여수신 > 예금은행 지역별 연체율
151Y001,"가계신용(업권별, 분기)",Q,"통화/금융 > 금융기관 여수신 > 가계신용 > 가계신용(분기) > 가계신용(업권별, 분기)"
151Y004,"가계신용(용도별, 분기)",Q,"통화/금융 > 금융기관 여수신 > 가계신용 > 가계신용(분기) > 가계신용(용도별, 분기)"
151Y002,"예금취급기관 가계대출(업권별, 월)",M,"통화/금융 > 금융기관 여수신 > 가계신용 > 예금취급기관 가계대출(월) > 예금취급기관 가계대출(업권별, 월)"
151Y005,"예금취급기관 가계대출(용도별, 월)",M,"통화/금융 > 금융기관 여수신 > 가계신용 > 예금취급기관 가계대출(월) > 예금취급기관 가계대출(용도별, 월)"
131Y016,"산업별대출금(예금취급기관, 전산업)",Q,"통화/금융 > 금융기관 여수신 > 산업별대출금 > 예금취급기관 산업별대출금 > 산업별대출금(예금취급기관, 전산업)"
131Y017,"산업별대출금(예금취급기관, 용도별)",Q,"통화/금융 > 금융기관 여수신 > 산업별대출금 > 예금취급기관 산업별대출금 > 산업별대출금(예금취급기관, 용도별)"
131Y013,"산업별대출금(예금은행, 전산업)",Q,"통화/금융 > 금융기관 여수신 > 산업별대출금 > 예금은행 산업별대출금 > 산업별대출금(예금은행, 전산업)"
131Y011,"산업별대출금(예금은행, 용도별)",Q,"통화/금융 > 금융기관 여수신 > 산업별대출금 > 예금은행 산업별대출금 > 산업별대출금(예금은행, 용도별)"
131Y010,"산업별대출금(예금은행, 기업형태별)",Q,"통화/금융 > 금융기관 여수신 > 산업별대출금 > 예금은행 산업별대출금 > 산업별대출금(예금은행, 기업형태별)"
131Y018,"산업별대출금(예금은행, 기업규모별)",Q,"통화/금융 > 금융기관 여수신 > 산업별대출금 > 예금은행 산업별대출금 > 산업별대출금(예금은행, 기업규모별)"
132Y001,"산업별대출금(예금은행, 지역별, 전산업)",Q,"통화/금융 > 금융기관 여수신 > 산업별대출금 > 예금은행 산업별대출금 > 산업별대출금(예금은행, 지역별, 전산업)"
132Y003,"산업별대출금(예금은행, 지역별, 용도별)",Q,"통화/금융 > 금융기관 여수신 > 산업별대출금 > 예금은행 산업별대출금 > 산업별대출금(예금은행, 지역별, 용도별)"
131Y014,"산업별대출금(비은행예금취급기관, 전산업)",Q,"통화/금융 > 금융기관 여수신 > 산업별대출금 > 비은행예금취급기관 산업별대출금 > 산업별대출금(비은행예금취급기관, 전산업)"
131Y015,"산업별대출금(비은행예금취급기관, 용도별)",Q,"통화/금융 > 금융기관 여수신 > 산업별대출금 > 비은행예금취급기관 산업별대출금 > 산업별대출금(비은행예금취급기관, 용도별)"
104Y017,예금은행 예금회전율,M,통화/금융 > 금융기관 여수신 > 기타 여수신 관련 통계 > 예금은행 예금회전율
901Y123,금융기관 점포/인원 현황,Q,통화/금융 > 금융기관 여수신 > 기타 여수신 관련 통계 > 금융기관 점포/인원 현황
901Y054,은행대출금 연체율(1일 이상),M,통화/금융 > 금융기관 여수신 > 기타 여수신 관련 통계 > 은행대출금 연체율 > 은행대출금 연체율(1일 이상)
901Y124,은행대출금 연체율(1개월 이상),M,통화/금융 > 금융기관 여수신 > 기타 여수신 관련 통계 > 은행대출금 연체율 > 은행대출금 연체율(1개월 이상)
901Y059,보험계약실적,M,통화/금융 > 금융기관 여수신 > 기타 여수신 관련 통계 > 보험계약실적
105Y001,예금규모별 계좌수 및 금액,S,통화/금융 > 금융기관 여수신 > 기타 여수신 관련 통계 > 예금규모별 계좌수 및 금액
722Y001,한국은행 기준금리 및 여수신금리,D,통화/금융 > 금리 > 한국은행 기준금리 및 여수신금리
817Y002,시장금리(일별),D,통화/금융 > 금리 > 시장금리 > 시장금리(일별)
721Y001,"시장금리(월,분기,년)",M,"통화/금융 > 금리 > 시장금리 > 시장금리(월,분기,년)"
121Y002,예금은행 수신금리(신규취급액 기준),M,통화/금융 > 금리 > 예금은행 가중평균금리 > 수신금리 > 예금은행 수신금리(신규취급액 기준)
121Y013,예금은행 수신금리(잔액 기준),M,통화/금융 > 금리 > 예금은행 가중평균금리 > 수신금리 > 예금은행 수신금리(잔액 기준)
121Y006,예금은행 대출금리(신규취급액 기준),M,통화/금융 > 금리 > 예금은행 가중평균금리 > 대출금리 > 예금은행 대출금리(신규취급액 기준)
121Y015,예금은행 대출금리(잔액 기준),M,통화/금융 > 금리 > 예금은행 가중평균금리 > 대출금리 > 예금은행 대출금리(잔액 기준)
121Y008,예금은행 금리수준별 여수신 비중(신규취급액 기준),M,통화/금융 > 금리 > 예금은행 가중평균금리 > 예금은행 금리수준별 여수신 비중(신규취급액 기준)
121Y010,예금은행 고정 및 변동금리대출 비중(신규취급액 기준),M,통화/금융 > 금리 > 예금은행 가중평균금리 > 예금은행 고정 및 변동금리대출 비중 > 예금은행 고정 및 변동금리대출 비중(신규취급액 기준)
121Y011,예금은행 고정 및 변동금리대출 비중(잔액 기준),M,통화/금융 > 금리 > 예금은행 가중평균금리 > 예금은행 고정 및 변동금리대출 비중 > 예금은행 고정 및 변동금리대출 비중(잔액 기준)
121Y004,비은행금융기관 수신금리(신규취급액 기준),M,통화/금융 > 금리 > 비은행금융기관 가중평균금리 > 비은행금융기관 수신금리(신규취급액 기준)
121Y007,비은행금융기관 대출금리(신규취급액 기준),M,통화/금융 > 금리 > 비은행금융기관 가중평균금리 > 비은행금융기관 대출금리(신규취급액 기준)
103Y002,한국은행 주요계정(말잔),M,통화/금융 > 한국은행 주요계정 > 한국은행 주요계정(말잔)
871Y001,화폐발행잔액,M,통화/금융 > 한국은행 주요계정 > 화폐발행잔액
814Y001,"예금은행 지급준비액(신기준, 평잔)",M,"통화/금융 > 한국은행 주요계정 > 예금은행 지급준비액 > 예금은행 지급준비액(신기준, 평잔)"
814Y002,"예금은행 지급준비액(구기준, 평잔)",SM,"통화/금융 > 한국은행 주요계정 > 예금은행 지급준비액 > 예금은행 지급준비액(구기준, 평잔)"
641Y001,한국은행 원화대출금,M,통화/금융 > 한국은행 주요계정 > 한국은행 원화대출금
802Y001,주식시장(일),D,통화/금융 > 주식/채권/재정 > 주식거래/주가지수 > 주식시장(일)
901Y014,"주식시장(월,년)",M,"통화/금융 > 주식/채권/재정 > 주식거래/주가지수 > 주식시장(월,년)"
901Y055,투자자별 주식거래,M,통화/금융 > 주식/채권/재정 > 주식거래/주가지수 > 투자자별 주식거래
901Y056,증시주변자금동향,M,통화/금융 > 주식/채권/재정 > 주식거래/주가지수 > 증시주변자금동향
901Y057,주가지수선물거래,M,통화/금융 > 주식/채권/재정 > 주식거래/주가지수 > 주가지수선물거래
901Y058,주가지수옵션거래,M,통화/금융 > 주식/채권/재정 > 주식거래/주가지수 > 주가지수옵션거래
901Y015,채권종류별 거래,M,통화/금융 > 주식/채권/재정 > 채권거래 > 채권종류별 거래
901Y120,채권시장별 거래,M,통화/금융 > 주식/채권/재정 > 채권거래 > 채권시장별 거래
191Y001,주요 국공채 발행액/잔액,M,통화/금융 > 주식/채권/재정 > 주요 국공채 발행액/잔액
901Y013,통합재정수지,M,통화/금융 > 주식/채권/재정 > 재정 > 통합재정수지
901Y081,조세징수액,A,통화/금융 > 주식/채권/재정 > 재정 > 조세징수액
181Y001,차주당 가계대출 신규취급액,Q,통화/금융 > 차주별 가계부채 > 차주당 금액 기준 > 신규취급액 > 차주당 가계대출 신규취급액
181Y003,연령별 지역별,Q,통화/금융 > 차주별 가계부채 > 차주당 금액 기준 > 신규취급액 > 차주당 가계대출 신규취급액 (교차항목) > 연령별 지역별
181Y005,연령별 업권별,Q,통화/금융 > 차주별 가계부채 > 차주당 금액 기준 > 신규취급액 > 차주당 가계대출 신규취급액 (교차항목) > 연령별 업권별
181Y007,연령별 상품별,Q,통화/금융 > 차주별 가계부채 > 차주당 금액 기준 > 신규취급액 > 차주당 가계대출 신규취급액 (교차항목) > 연령별 상품별
181Y009,상품별 업권별,Q,통화/금융 > 차주별 가계부채 > 차주당 금액 기준 > 신규취급액 > 차주당 가계대출 신규취급액 (교차항목) > 상품별 업권별
181Y011,차주당 주택담보대출 신규취급액,Q,통화/금융 > 차주별 가계부채 > 차주당 금액 기준 > 신규취급액 > 차주당 주택담보대출 신규취급액
181Y002,차주당 가계대출 잔액,Q,통화/금융 > 차주별 가계부채 > 차주당 금액 기준 > 잔액 > 차주당 가계대출 잔액
181Y004,연령별 지역별,Q,통화/금융 > 차주별 가계부채 > 차주당 금액 기준 > 잔액 > 차주당 가계대출 잔액 (교차항목) > 연령별 지역별
181Y006,연령별 업권별,Q,통화/금융 > 차주별 가계부채 > 차주당 금액 기준 > 잔액 > 차주당 가계대출 잔액 (교차항목) > 연령별 업권별
181Y008,연령별 상품별,Q,통화/금융 > 차주별 가계부채 > 차주당 금액 기준 > 잔액 > 차주당 가계대출 잔액 (교차항목) > 연령별 상품별
181Y010,상품별 업권별,Q,통화/금융 > 차주별 가계부채 > 차주당 금액 기준 > 잔액 > 차주당 가계대출 잔액 (교차항목) > 상품별 업권별
181Y012,차주당 주택담보대출 잔액,Q,통화/금융 > 차주별 가계부채 > 차주당 금액 기준 > 잔액 > 차주당 주택담보대출 잔액
181Y013,가계대출 신규취급액 비중,Q,통화/금융 > 차주별 가계부채 > 금액 비중 기준 > 신규취급액 > 가계대출 신규취급액 비중
181Y015,주택담보대출 신규취급액 비중,Q,통화/금융 > 차주별 가계부채 > 금액 비중 기준 > 신규취급액 > 주택담보대출 신규취급액 비중
181Y016,가계대출 잔액 비중,Q,통화/금융 > 차주별 가계부채 > 금액 비중 기준 > 잔액 > 가계대출 잔액 비중
181Y014,주택담보대출 잔액 비중,Q,통화/금융 > 차주별 가계부채 > 금액 비중 기준 > 잔액 > 주택담보대출 잔액 비중
200Y101,주요지표(연간지표),A,국민계정 > 국민소득통계(2020년 기준년) > 주요지표 > 주요지표(연간지표)
200Y102,주요지표(분기지표),Q,국민계정 > 국민소득통계(2020년 기준년) > 주요지표 > 주요지표(분기지표)
200Y103,"경제활동별 GDP 및 GNI(계절조정, 명목, 분기)",Q,"국민계정 > 국민소득통계(2020년 기준년) > 생산, 지출 및 분배 GDP, GDP 디플레이터 > 경제활동별 GDP 및 GNI > 경제활동별 GDP 및 GNI(계절조정, 명목, 분기)"
200Y104,"경제활동별 GDP 및 GNI(계절조정, 실질, 분기)",Q,"국민계정 > 국민소득통계(2020년 기준년) > 생산, 지출 및 분배 GDP, GDP 디플레이터 > 경제활동별 GDP 및 GNI > 경제활동별 GDP 및 GNI(계절조정, 실질, 분기)"
200Y105,"경제활동별 GDP 및 GNI(원계열, 명목, 분기 및 연간)",Q,"국민계정 > 국민소득통계(2020년 기준년) > 생산, 지출 및 분배 GDP, GDP 디플레이터 > 경제활동별 GDP 및 GNI > 경제활동별 GDP 및 GNI(원계열, 명목, 분기 및 연간)"
200Y106,"경제활동별 GDP 및 GNI(원계열, 실질, 분기 및 연간)",Q,"국민계정 > 국민소득통계(2020년 기준년) > 생산, 지출 및 분배 GDP, GDP 디플레이터 > 경제활동별 GDP 및 GNI > 경제활동별 GDP 및 GNI(원계열, 실질, 분기 및 연간)"
200Y107,"국내총생산에 대한 지출(계절조정, 명목, 분기)",Q,"국민계정 > 국민소득통계(2020년 기준년) > 생산, 지출 및 분배 GDP, GDP 디플레이터 > 국내총생산에 대한 지출 > 국내총생산에 대한 지출(계절조정, 명목, 분기)"
200Y108,"국내총생산에 대한 지출(계절조정, 실질, 분기)",Q,"국민계정 > 국민소득통계(2020년 기준년) > 생산, 지출 및 분배 GDP, GDP 디플레이터 > 국내총생산에 대한 지출 > 국내총생산에 대한 지출(계절조정, 실질, 분기)"
200Y109,"국내총생산에 대한 지출(원계열, 명목, 분기 및 연간)",Q,"국민계정 > 국민소득통계(2020년 기준년) > 생산, 지출 및 분배 GDP, GDP 디플레이터 > 국내총생산에 대한 지출 > 국내총생산에 대한 지출(원계열, 명목, 분기 및 연간)"
200Y110,"국내총생산에 대한 지출(원계열, 실질, 분기 및 연간)",Q,"국민계정 > 국민소득통계(2020년 기준년) > 생산, 지출 및 분배 GDP, GDP 디플레이터 > 국내총생산에 대한 지출 > 국내총생산에 대한 지출(원계열, 실질, 분기 및 연간)"
200Y160,"부가가치 항목별 명목 GDP(계절조정, 명목, 분기)",Q,"국민계정 > 국민소득통계(2020년 기준년) > 생산, 지출 및 분배 GDP, GDP 디플레이터 > 부가가치 항목별 명목 GDP > 부가가치 항목별 명목 GDP(계절조정, 명목, 분기)"
200Y161,"부가가치 항목별 명목 GDP(원계열, 명목, 분기 및 연간)",Q,"국민계정 > 국민소득통계(2020년 기준년) > 생산, 지출 및 분배 GDP, GDP 디플레이터 > 부가가치 항목별 명목 GDP > 부가가치 항목별 명목 GDP(원계열, 명목, 분기 및 연간)"
200Y111,경제활동별 국내총생산 디플레이터(분기 및 연간),Q,"국민계정 > 국민소득통계(2020년 기준년) > 생산, 지출 및 분배 GDP, GDP 디플레이터 > GDP 디플레이터 > 경제활동별 국내총생산 디플레이터(분기 및 연간)"
200Y112,국내총생산에 대한 지출 디플레이터(분기 및 연간),Q,"국민계정 > 국민소득통계(2020년 기준년) > 생산, 지출 및 분배 GDP, GDP 디플레이터 > GDP 디플레이터 > 국내총생산에 대한 지출 디플레이터(분기 및 연간)"
200Y113,"국내총생산과 지출(명목, 연간)",A,"국민계정 > 국민소득통계(2020년 기준년) > 종합계정 > 국내총생산과 지출 > 국내총생산과 지출(명목, 연간)"
200Y114,"경제활동별 국내총부가가치와 요소소득(명목, 연간)",A,"국민계정 > 국민소득통계(2020년 기준년) > 종합계정 > 국내총생산과 지출 > 경제활동별 국내총부가가치와 요소소득(명목, 연간)"
200Y115,"국민처분가능소득과 처분(명목, 연간)",A,"국민계정 > 국민소득통계(2020년 기준년) > 종합계정 > 국민처분가능소득과 처분 > 국민처분가능소득과 처분(명목, 연간)"
200Y116,"국민소득과 부문별 국민처분가능소득(명목, 연간)",A,"국민계정 > 국민소득통계(2020년 기준년) > 종합계정 > 국민처분가능소득과 처분 > 국민소득과 부문별 국민처분가능소득(명목, 연간)"
200Y117,"자본거래(명목, 연간)",A,"국민계정 > 국민소득통계(2020년 기준년) > 종합계정 > 자본거래 > 자본거래(명목, 연간)"
200Y118,"경상거래(명목, 연간)",A,"국민계정 > 국민소득통계(2020년 기준년) > 종합계정 > 국외거래 > 경상거래(명목, 연간)"
200Y119,"자본거래(명목, 연간)",A,"국민계정 > 국민소득통계(2020년 기준년) > 종합계정 > 국외거래 > 자본거래(명목, 연간)"
200Y120,"제도부문별 생산계정(명목, 연간)",A,"국민계정 > 국민소득통계(2020년 기준년) > 제도부문별 계정 > 제도부문별 생산계정(명목, 연간)"
200Y121,"제도부문별 소득계정(명목, 연간)",A,"국민계정 > 국민소득통계(2020년 기준년) > 제도부문별 계정 > 제도부문별 소득계정(명목, 연간)"
200Y162,"제도부문별 소득계정(명목, 분기)",Q,"국민계정 > 국민소득통계(2020년 기준년) > 제도부문별 계정 > 제도부문별 소득계정(명목, 분기)"
200Y122,"제도부문별 자본계정(명목, 연간)",A,"국민계정 > 국민소득통계(2020년 기준년) > 제도부문별 계정 > 제도부문별 자본계정(명목, 연간)"
200Y123,"경제활동별 성장기여도(계절조정, 실질, 분기)",Q,"국민계정 > 국민소득통계(2020년 기준년) > GDP에 대한 성장기여도 > 경제활동별 성장기여도(계절조정, 실질, 분기)"
200Y124,"경제활동별 성장기여도(원계열, 실질, 분기 및 연간)",Q,"국민계정 > 국민소득통계(2020년 기준년) > GDP에 대한 성장기여도 > 경제활동별 성장기여도(원계열, 실질, 분기 및 연간)"
200Y125,"지출항목별 성장기여도(계절조정, 실질, 분기)",Q,"국민계정 > 국민소득통계(2020년 기준년) > GDP에 대한 성장기여도 > 지출항목별 성장기여도(계절조정, 실질, 분기)"
200Y126,"지출항목별 성장기여도(원계열, 실질, 분기 및 연간)",Q,"국민계정 > 국민소득통계(2020년 기준년) > GDP에 대한 성장기여도 > 지출항목별 성장기여도(원계열, 실질, 분기 및 연간)"
200Y127,"자본재형태별 총자본형성(계절조정, 명목, 분기)",Q,"국민계정 > 국민소득통계(2020년 기준년) > 총자본형성 > 자본재형태별 총자본형성 > 자본재형태별 총자본형성(계절조정, 명목, 분기)"
200Y128,"자본재형태별 총자본형성(계절조정, 실질, 분기)",Q,"국민계정 > 국민소득통계(2020년 기준년) > 총자본형성 > 자본재형태별 총자본형성 > 자본재형태별 총자본형성(계절조정, 실질, 분기)"
200Y129,"자본재형태별 총자본형성(원계열, 명목, 분기 및 연간)",Q,"국민계정 > 국민소득통계(2020년 기준년) > 총자본형성 > 자본재형태별 총자본형성 > 자본재형태별 총자본형성(원계열, 명목, 분기 및 연간)"
200Y130,"자본재형태별 총자본형성(원계열, 실질, 분기 및 연간)",Q,"국민계정 > 국민소득통계(2020년 기준년) > 총자본형성 > 자본재형태별 총자본형성 > 자본재형태별 총자본형성(원계열, 실질, 분기 및 연간)"
200Y131,"주체별 총자본형성(원계열, 명목, 분기 및 연간)",Q,"국민계정 > 국민소득통계(2020년 기준년) > 총자본형성 > 주체별 총자본형성 > 주체별 총자본형성(원계열, 명목, 분기 및 연간)"
200Y132,"주체별 총자본형성(원계열, 실질, 분기 및 연간)",Q,"국민계정 > 국민소득통계(2020년 기준년) > 총자본형성 > 주체별 총자본형성 > 주체별 총자본형성(원계열, 실질, 분기 및 연간)"
200Y133,"주체별 총고정자본형성(계절조정, 명목, 분기)",Q,"국민계정 > 국민소득통계(2020년 기준년) > 총자본형성 > 주체별 총자본형성 > 주체별 총고정자본형성(계절조정, 명목, 분기)"
200Y134,"주체별 총고정자본형성(계절조정, 실질, 분기)",Q,"국민계정 > 국민소득통계(2020년 기준년) > 총자본형성 > 주체별 총자본형성 > 주체별 총고정자본형성(계절조정, 실질, 분기)"
200Y135,"경제활동별 총고정자본형성(명목, 연간)",A,"국민계정 > 국민소득통계(2020년 기준년) > 총자본형성 > 경제활동별 총고정자본형성 > 경제활동별 총고정자본형성(명목, 연간)"
200Y136,"경제활동별 총고정자본형성(실질, 연간)",A,"국민계정 > 국민소득통계(2020년 기준년) > 총자본형성 > 경제활동별 총고정자본형성 > 경제활동별 총고정자본형성(실질, 연간)"
200Y137,"경제활동별 자본재형태별 총고정자본형성(명목, 연간)",A,"국민계정 > 국민소득통계(2020년 기준년) > 총자본형성 > 경제활동별 총고정자본형성 > 경제활동별 자본재형태별 총고정자본형성(명목, 연간)"
200Y138,"경제활동별 설비투자(명목, 연간)",A,"국민계정 > 국민소득통계(2020년 기준년) > 총자본형성 > 경제활동별 설비투자 > 경제활동별 설비투자(명목, 연간)"
200Y139,"경제활동별 설비투자(실질, 연간)",A,"국민계정 > 국민소득통계(2020년 기준년) > 총자본형성 > 경제활동별 설비투자 > 경제활동별 설비투자(실질, 연간)"
200Y140,"가계의 목적별 최종소비지출(계절조정, 명목, 분기)",Q,"국민계정 > 국민소득통계(2020년 기준년) > 민간최종소비지출 > 가계의 목적별 최종소비지출 > 가계의 목적별 최종소비지출(계절조정, 명목, 분기)"
200Y141,"가계의 목적별 최종소비지출(계절조정, 실질, 분기)",Q,"국민계정 > 국민소득통계(2020년 기준년) > 민간최종소비지출 > 가계의 목적별 최종소비지출 > 가계의 목적별 최종소비지출(계절조정, 실질, 분기)"
200Y142,"가계의 목적별 최종소비지출(원계열, 명목, 분기 및 연간)",Q,"국민계정 > 국민소득통계(2020년 기준년) > 민간최종소비지출 > 가계의 목적별 최종소비지출 > 가계의 목적별 최종소비지출(원계열, 명목, 분기 및 연간)"
200Y143,"가계의 목적별 최종소비지출(원계열, 실질, 분기 및 연간)",Q,"국민계정 > 국민소득통계(2020년 기준년) > 민간최종소비지출 > 가계의 목적별 최종소비지출 > 가계의 목적별 최종소비지출(원계열, 실질, 분기 및 연간)"
200Y144,"가계의 형태별 최종소비지출(계절조정, 명목, 분기)",Q,"국민계정 > 국민소득통계(2020년 기준년) > 민간최종소비지출 > 가계의 형태별 최종소비지출 > 가계의 형태별 최종소비지출(계절조정, 명목, 분기)"
200Y145,"가계의 형태별 최종소비지출(계절조정, 실질, 분기)",Q,"국민계정 > 국민소득통계(2020년 기준년) > 민간최종소비지출 > 가계의 형태별 최종소비지출 > 가계의 형태별 최종소비지출(계절조정, 실질, 분기)"
200Y146,"가계의 형태별 최종소비지출(원계열, 명목, 분기 및 연간)",Q,"국민계정 > 국민소득통계(2020년 기준년) > 민간최종소비지출 > 가계의 형태별 최종소비지출 > 가계의 형태별 최종소비지출(원계열, 명목, 분기 및 연간)"
200Y147,"가계의 형태별 최종소비지출(원계열, 실질, 분기 및 연간)",Q,"국민계정 > 국민소득통계(2020년 기준년) > 민간최종소비지출 > 가계의 형태별 최종소비지출 > 가계의 형태별 최종소비지출(원계열, 실질, 분기 및 연간)"
200Y148,"가계에 봉사하는 비영리단체의 목적별 최종소비지출(원계열, 명목, 분기 및 연간)",Q,"국민계정 > 국민소득통계(2020년 기준년) > 민간최종소비지출 > 가계에 봉사하는 비영리단체의 목적별 최종소비지출 > 가계에 봉사하는 비영리단체의 목적별 최종소비지출(원계열, 명목, 분기 및 연간)"
200Y149,"가계에 봉사하는 비영리단체의 목적별 최종소비지출(원계열, 실질, 분기 및 연간)",Q,"국민계정 > 국민소득통계(2020년 기준년) > 민간최종소비지출 > 가계에 봉사하는 비영리단체의 목적별 최종소비지출 > 가계에 봉사하는 비영리단체의 목적별 최종소비지출(원계열, 실질, 분기 및 연간)"
200Y151,"일반정부의 부문별 기능별 최종소비지출(명목, 연간)",A,"국민계정 > 국민소득통계(2020년 기준년) > 일반정부 및 공공부문계정 > 일반정부의 부문별 기능별 최종소비지출(명목, 연간)"
200Y152,"일반정부의 부문별 기능별 총지출 (명목, 연간)",A,"국민계정 > 국민소득통계(2020년 기준년) > 일반정부 및 공공부문계정 > 일반정부의 부문별 기능별 총지출 (명목, 연간)"
200Y153,"일반정부의 부문별 총수입, 총지출, 저축투자차액(명목, 연간)",A,"국민계정 > 국민소득통계(2020년 기준년) > 일반정부 및 공공부문계정 > 일반정부의 부문별 총수입, 총지출, 저축투자차액(명목, 연간)"
200Y154,"공공부문의 부문별 총수입, 총지출, 저축투자차액(명목, 연간)",A,"국민계정 > 국민소득통계(2020년 기준년) > 일반정부 및 공공부문계정 > 공공부문의 부문별 총수입, 총지출, 저축투자차액(명목, 연간)"
200Y155,"총저축과 총투자(계절조정, 명목, 분기)",Q,"국민계정 > 국민소득통계(2020년 기준년) > 총저축과 총투자 > 총저축과 총투자(계절조정, 명목, 분기)"
200Y156,"총저축과 총투자(원계열, 명목, 분기 및 연간)",Q,"국민계정 > 국민소득통계(2020년 기준년) > 총저축과 총투자 > 총저축과 총투자(원계열, 명목, 분기 및 연간)"
200Y157,"정보통신산업(계절조정, 실질, 분기)",Q,"국민계정 > 국민소득통계(2020년 기준년) > 정보통신 부가가치 및 최종수요 > 정보통신산업(계절조정, 실질, 분기)"
200Y158,"정보통신산업(원계열, 실질, 분기 및 연간)",Q,"국민계정 > 국민소득통계(2020년 기준년) > 정보통신 부가가치 및 최종수요 > 정보통신산업(원계열, 실질, 분기 및 연간)"
200Y159,"가계분배계정(명목, 연간)",A,"국민계정 > 국민소득통계(2020년 기준년) > 가계분배계정(실험적 통계) > 가계분배계정(명목, 연간)"
271Y102,2023 연장표,A,국민계정 > 산업연관표 > 2020년 실측표 기준 > 파일 다운로드 > 연장표
271Y103,2022 연장표,A,국민계정 > 산업연관표 > 2020년 실측표 기준 > 파일 다운로드 > 연장표
271Y104,2021 연장표,A,국민계정 > 산업연관표 > 2020년 실측표 기준 > 파일 다운로드 > 연장표
271Y105,2020 실측표,A,국민계정 > 산업연관표 > 2020년 실측표 기준 > 파일 다운로드 > 실측표
271Y106,2020 지역표,A,국민계정 > 산업연관표 > 2020년 실측표 기준 > 파일 다운로드 > 지역표
271Y108,2020 부문분류표,A,국민계정 > 산업연관표 > 2020년 실측표 기준 > 파일 다운로드 > 부문분류표
271Y109,고용표,A,국민계정 > 산업연관표 > 2020년 실측표 기준 > 파일 다운로드 > 고용표
271Y110,"투입산출표 총거래표(생산자가격, 대분류)",A,"국민계정 > 산업연관표 > 2020년 실측표 기준 > 데이터 > 투입산출표 총거래표(생산자가격, 대분류)"
271Y111,"투입산출표 총투입계수표(생산자가격, 대분류)",A,"국민계정 > 산업연관표 > 2020년 실측표 기준 > 데이터 > 투입산출표 총투입계수표(생산자가격, 대분류)"
271Y112,"투입산출표 생산유발계수표(생산자가격, 대분류)",A,"국민계정 > 산업연관표 > 2020년 실측표 기준 > 데이터 > 투입산출표 생산유발계수표(생산자가격, 대분류)"
271Y113,"투입산출표 수입유발계수표(생산자가격, 대분류)",A,"국민계정 > 산업연관표 > 2020년 실측표 기준 > 데이터 > 투입산출표 수입유발계수표(생산자가격, 대분류)"
271Y114,"투입산출표 부가가치유발계수표(생산자가격, 대분류)",A,"국민계정 > 산업연관표 > 2020년 실측표 기준 > 데이터 > 투입산출표 부가가치유발계수표(생산자가격, 대분류)"
271Y115,"투입산출표 취업유발계수표(생산자가격, 대분류)",A,"국민계정 > 산업연관표 > 2020년 실측표 기준 > 데이터 > 투입산출표 취업유발계수표(생산자가격, 대분류)"
271Y116,"투입산출표 고용유발계수표(생산자가격, 대분류)",A,"국민계정 > 산업연관표 > 2020년 실측표 기준 > 데이터 > 투입산출표 고용유발계수표(생산자가격, 대분류)"
271Y120,"투입산출표 총거래표(생산자가격, 중분류)",A,"국민계정 > 산업연관표 > 2020년 실측표 기준 > 데이터 > 투입산출표 총거래표(생산자가격, 중분류)"
271Y121,"투입산출표 총투입계수표(생산자가격, 중분류)",A,"국민계정 > 산업연관표 > 2020년 실측표 기준 > 데이터 > 투입산출표 총투입계수표(생산자가격, 중분류)"
271Y122,"투입산출표 생산유발계수표(생산자가격, 중분류)",A,"국민계정 > 산업연관표 > 2020년 실측표 기준 > 데이터 > 투입산출표 생산유발계수표(생산자가격, 중분류)"
271Y123,"투입산출표 수입유발계수표(생산자가격, 중분류)",A,"국민계정 > 산업연관표 > 2020년 실측표 기준 > 데이터 > 투입산출표 수입유발계수표(생산자가격, 중분류)"
271Y124,"투입산출표 부가가치유발계수표(생산자가격, 중분류)",A,"국민계정 > 산업연관표 > 2020년 실측표 기준 > 데이터 > 투입산출표 부가가치유발계수표(생산자가격, 중분류)"
271Y125,"투입산출표 취업유발계수표(생산자가격, 중분류)",A,"국민계정 > 산업연관표 > 2020년 실측표 기준 > 데이터 > 투입산출표 취업유발계수표(생산자가격, 중분류)"
271Y126,"투입산출표 고용유발계수표(생산자가격, 중분류)",A,"국민계정 > 산업연관표 > 2020년 실측표 기준 > 데이터 > 투입산출표 고용유발계수표(생산자가격, 중분류)"
271Y001,2019 연장표,A,국민계정 > 산업연관표 > 2015년 실측표 기준 > 파일 다운로드 > 연장표
271Y002,2018 연장표,A,국민계정 > 산업연관표 > 2015년 실측표 기준 > 파일 다운로드 > 연장표
271Y003,2017 연장표,A,국민계정 > 산업연관표 > 2015년 실측표 기준 > 파일 다운로드 > 연장표
271Y004,2016 연장표,A,국민계정 > 산업연관표 > 2015년 실측표 기준 > 파일 다운로드 > 연장표
271Y005,2015 실측표,A,국민계정 > 산업연관표 > 2015년 실측표 기준 > 파일 다운로드 > 실측표
271Y006,2015 지역표,A,국민계정 > 산업연관표 > 2015년 실측표 기준 > 파일 다운로드 > 지역표
271Y007,2015-2010 연결표,A,국민계정 > 산업연관표 > 2015년 실측표 기준 > 파일 다운로드 > 2015-2010 연결표
271Y018,2015 부문분류표,A,국민계정 > 산업연관표 > 2015년 실측표 기준 > 파일 다운로드 > 부문분류표
271Y019,고용표,A,국민계정 > 산업연관표 > 2015년 실측표 기준 > 파일 다운로드 > 고용표
271Y008,"투입산출표 총거래표(생산자가격, 대분류)",A,"국민계정 > 산업연관표 > 2015년 실측표 기준 > 데이터 > 투입산출표 총거래표(생산자가격, 대분류)"
271Y009,"투입산출표 총투입계수표(생산자가격, 대분류)",A,"국민계정 > 산업연관표 > 2015년 실측표 기준 > 데이터 > 투입산출표 총투입계수표(생산자가격, 대분류)"
271Y010,"투입산출표 생산유발계수표(생산자가격, 대분류)",A,"국민계정 > 산업연관표 > 2015년 실측표 기준 > 데이터 > 투입산출표 생산유발계수표(생산자가격, 대분류)"
271Y011,"투입산출표 수입유발계수표(생산자가격, 대분류)",A,"국민계정 > 산업연관표 > 2015년 실측표 기준 > 데이터 > 투입산출표 수입유발계수표(생산자가격, 대분류)"
271Y012,"투입산출표 부가가치유발계수표(생산자가격, 대분류)",A,"국민계정 > 산업연관표 > 2015년 실측표 기준 > 데이터 > 투입산출표 부가가치유발계수표(생산자가격, 대분류)"
271Y013,"투입산출표 취업유발계수표(생산자가격, 대분류)",A,"국민계정 > 산업연관표 > 2015년 실측표 기준 > 데이터 > 투입산출표 취업유발계수표(생산자가격, 대분류)"
271Y014,"투입산출표 고용유발계수표(생산자가격, 대분류)",A,"국민계정 > 산업연관표 > 2015년 실측표 기준 > 데이터 > 투입산출표 고용유발계수표(생산자가격, 대분류)"
271Y015,"공급표(기초가격, 대분류)",A,"국민계정 > 산업연관표 > 2015년 실측표 기준 > 데이터 > 공급표(기초가격, 대분류)"
271Y016,"사용표(구매자가격, 대분류)",A,"국민계정 > 산업연관표 > 2015년 실측표 기준 > 데이터 > 사용표(구매자가격, 대분류)"
271Y017,"사용표(기초가격, 대분류)",A,"국민계정 > 산업연관표 > 2015년 실측표 기준 > 데이터 > 사용표(기초가격, 대분류)"
271Y068,"투입산출표 총거래표(생산자가격, 중분류)",A,"국민계정 > 산업연관표 > 2015년 실측표 기준 > 데이터 > 투입산출표 총거래표(생산자가격, 중분류)"
271Y069,"투입산출표 총투입계수표(생산자가격, 중분류)",A,"국민계정 > 산업연관표 > 2015년 실측표 기준 > 데이터 > 투입산출표 총투입계수표(생산자가격, 중분류)"
271Y070,"투입산출표 생산유발계수표(생산자가격, 중분류)",A,"국민계정 > 산업연관표 > 2015년 실측표 기준 > 데이터 > 투입산출표 생산유발계수표(생산자가격, 중분류)"
271Y071,"투입산출표 수입유발계수표(생산자가격, 중분류)",A,"국민계정 > 산업연관표 > 2015년 실측표 기준 > 데이터 > 투입산출표 수입유발계수표(생산자가격, 중분류)"
271Y072,"투입산출표 부가가치유발계수표(생산자가격, 중분류)",A,"국민계정 > 산업연관표 > 2015년 실측표 기준 > 데이터 > 투입산출표 부가가치유발계수표(생산자가격, 중분류)"
271Y073,"투입산출표 취업유발계수표(생산자가격, 중분류)",A,"국민계정 > 산업연관표 > 2015년 실측표 기준 > 데이터 > 투입산출표 취업유발계수표(생산자가격, 중분류)"
271Y074,"투입산출표 고용유발계수표(생산자가격, 중분류)",A,"국민계정 > 산업연관표 > 2015년 실측표 기준 > 데이터 > 투입산출표 고용유발계수표(생산자가격, 중분류)"
271Y075,"공급표(기초가격, 중분류)",A,"국민계정 > 산업연관표 > 2015년 실측표 기준 > 데이터 > 공급표(기초가격, 중분류)"
271Y076,"사용표(구매자가격, 중분류)",A,"국민계정 > 산업연관표 > 2015년 실측표 기준 > 데이터 > 사용표(구매자가격, 중분류)"
271Y077,"사용표(기초가격, 중분류)",A,"국민계정 > 산업연관표 > 2015년 실측표 기준 > 데이터 > 사용표(기초가격, 중분류)"
271Y020,2014 연장표,A,국민계정 > 산업연관표 > 2010년 실측표 기준 > 파일 다운로드 > 연장표
271Y021,2013 연장표,A,국민계정 > 산업연관표 > 2010년 실측표 기준 > 파일 다운로드 > 연장표
271Y022,2012 연장표,A,국민계정 > 산업연관표 > 2010년 실측표 기준 > 파일 다운로드 > 연장표
271Y023,2011 연장표,A,국민계정 > 산업연관표 > 2010년 실측표 기준 > 파일 다운로드 > 연장표
271Y024,2010 실측표,A,국민계정 > 산업연관표 > 2010년 실측표 기준 > 파일 다운로드 > 실측표
271Y025,2013 지역표,A,국민계정 > 산업연관표 > 2010년 실측표 기준 > 파일 다운로드 > 지역표
271Y026,2010 지역표,A,국민계정 > 산업연관표 > 2010년 실측표 기준 > 파일 다운로드 > 지역표
271Y027,2010 부문분류표,A,국민계정 > 산업연관표 > 2010년 실측표 기준 > 파일 다운로드 > 부문분류표
271Y028,고용표,A,국민계정 > 산업연관표 > 2010년 실측표 기준 > 파일 다운로드 > 고용표
271Y029,2011 연장표,A,국민계정 > 산업연관표 > 2005년 실측표 기준 > 파일 다운로드 > 연장표
271Y030,2010 연장표,A,국민계정 > 산업연관표 > 2005년 실측표 기준 > 파일 다운로드 > 연장표
271Y031,2009 연장표,A,국민계정 > 산업연관표 > 2005년 실측표 기준 > 파일 다운로드 > 연장표
271Y033,2009 연장표(불변가격),A,국민계정 > 산업연관표 > 2005년 실측표 기준 > 파일 다운로드 > 연장표(불변가격)
271Y034,2008 연장표,A,국민계정 > 산업연관표 > 2005년 실측표 기준 > 파일 다운로드 > 연장표
271Y035,2008 연장표(불변가격),A,국민계정 > 산업연관표 > 2005년 실측표 기준 > 파일 다운로드 > 연장표(불변가격)
271Y036,2007 연장표,A,국민계정 > 산업연관표 > 2005년 실측표 기준 > 파일 다운로드 > 연장표
271Y037,2007 연장표(불변가격),A,국민계정 > 산업연관표 > 2005년 실측표 기준 > 파일 다운로드 > 연장표(불변가격)
271Y038,2006 연장표,A,국민계정 > 산업연관표 > 2005년 실측표 기준 > 파일 다운로드 > 연장표
271Y039,2006 연장표(불변가격),A,국민계정 > 산업연관표 > 2005년 실측표 기준 > 파일 다운로드 > 연장표(불변가격)
271Y040,2005-2000-1995 연결표,A,국민계정 > 산업연관표 > 2005년 실측표 기준 > 파일 다운로드 > 2005-2000-1995 연결표
271Y041,2005 실측표,A,국민계정 > 산업연관표 > 2005년 실측표 기준 > 파일 다운로드 > 실측표
271Y042,2005 지역표,A,국민계정 > 산업연관표 > 2005년 실측표 기준 > 파일 다운로드 > 지역표
271Y043,2003 실측표,A,국민계정 > 산업연관표 > 2003년 실측표 기준 > 파일 다운로드 > 실측표
271Y044,2003 지역표,A,국민계정 > 산업연관표 > 2003년 실측표 기준 > 파일 다운로드 > 지역표
271Y045,2000 실측표,A,국민계정 > 산업연관표 > 2000년 실측표 기준 > 파일 다운로드 > 실측표
271Y046,2000-1995-1990 연결표,A,국민계정 > 산업연관표 > 2000년 실측표 기준 > 파일 다운로드 > 2000-1995-1990 연결표
271Y047,1998 연장표,A,국민계정 > 산업연관표 > 1995년 실측표 기준 > 파일 다운로드 > 연장표
271Y048,1995 실측표,A,국민계정 > 산업연관표 > 1995년 실측표 기준 > 파일 다운로드 > 실측표
271Y049,1995-1990-1985 연결표,A,국민계정 > 산업연관표 > 1995년 실측표 기준 > 파일 다운로드 > 1995-1990-1985 연결표
271Y050,1993 연장표,A,국민계정 > 산업연관표 > 1990년 실측표 기준 > 파일 다운로드 > 연장표
271Y051,1990 실측표,A,국민계정 > 산업연관표 > 1990년 실측표 기준 > 파일 다운로드 > 실측표
271Y052,1990-1985-1980 연결표,A,국민계정 > 산업연관표 > 1990년 실측표 기준 > 파일 다운로드 > 1990-1985-1980 연결표
271Y053,1988 연장표,A,국민계정 > 산업연관표 > 1985년 실측표 기준 > 파일 다운로드 > 연장표
271Y054,1987 연장표,A,국민계정 > 산업연관표 > 1985년 실측표 기준 > 파일 다운로드 > 연장표
271Y055,1986 연장표,A,국민계정 > 산업연관표 > 1985년 실측표 기준 > 파일 다운로드 > 연장표
271Y056,1985 실측표,A,국민계정 > 산업연관표 > 1985년 실측표 기준 > 파일 다운로드 > 실측표
271Y057,1985-1980-1975 연결표,A,국민계정 > 산업연관표 > 1985년 실측표 기준 > 파일 다운로드 > 1985-1980-1975 연결표
271Y058,1983 연장표,A,국민계정 > 산업연관표 > 1980년 실측표 기준 > 파일 다운로드 > 연장표
271Y059,1980 실측표,A,국민계정 > 산업연관표 > 1980년 실측표 기준 > 파일 다운로드 > 실측표
271Y060,1978 연장표,A,국민계정 > 산업연관표 > 1975년 실측표 기준 > 파일 다운로드 > 연장표
271Y061,1975 실측표,A,국민계정 > 산업연관표 > 1975년 실측표 기준 > 파일 다운로드 > 실측표
271Y062,1973 연장표,A,국민계정 > 산업연관표 > 1970년 실측표 기준 > 파일 다운로드 > 연장표
271Y063,1970 실측표,A,국민계정 > 산업연관표 > 1970년 실측표 기준 > 파일 다운로드 > 실측표
271Y064,1968 연장표,A,국민계정 > 산업연관표 > 1966년 실측표 기준 > 파일 다운로드 > 연장표
271Y065,1966 실측표,A,국민계정 > 산업연관표 > 1966년 실측표 기준 > 파일 다운로드 > 실측표
271Y066,1963 실측표,A,국민계정 > 산업연관표 > 1963년 실측표 기준 > 파일 다운로드 > 실측표
271Y067,1960 실측표,A,국민계정 > 산업연관표 > 1960년 실측표 기준 > 파일 다운로드 > 실측표
283Y001,주요지표(2009~),Q,국민계정 > 자금순환표 > 2009- (2008 SNA 기준) > 주요지표(2009~)
281Y001,금융거래표(2009~),Q,국민계정 > 자금순환표 > 2009- (2008 SNA 기준) > 금융거래표(2009~)
281Y002,금융자산부채잔액표(2008~),Q,국민계정 > 자금순환표 > 2009- (2008 SNA 기준) > 금융자산부채잔액표(2008~)
282Y001,발행잔액(명목),Q,국민계정 > 자금순환표 > 2009- (2008 SNA 기준) > 상세채권통계(2018~) > 채권발행표 > 발행잔액(명목)
282Y002,발행잔액(시가),Q,국민계정 > 자금순환표 > 2009- (2008 SNA 기준) > 상세채권통계(2018~) > 채권발행표 > 발행잔액(시가)
282Y003,순발행액(시가),Q,국민계정 > 자금순환표 > 2009- (2008 SNA 기준) > 상세채권통계(2018~) > 채권발행표 > 순발행액(시가)
282Y004,보유잔액(시가),Q,국민계정 > 자금순환표 > 2009- (2008 SNA 기준) > 상세채권통계(2018~) > 채권보유표 > 보유잔액(시가)
282Y005,순취득액(시가),Q,국민계정 > 자금순환표 > 2009- (2008 SNA 기준) > 상세채권통계(2018~) > 채권보유표 > 순취득액(시가)
282Y006,"채권발행-보유관계표(잔액, 시가)",Q,"국민계정 > 자금순환표 > 2009- (2008 SNA 기준) > 상세채권통계(2018~) > 채권발행-보유관계표(잔액, 시가)"
281Y006,금융거래표(2003~2013),Q,국민계정 > 자금순환표 > 2002-2013 (1993 SNA 기준) > 금융거래표(2003~2013)
281Y007,금융자산부채잔액표(2002~),Q,국민계정 > 자금순환표 > 2002-2013 (1993 SNA 기준) > 금융자산부채잔액표(2002~)
281Y004,금융거래표(1975~2005),Q,국민계정 > 자금순환표 > 1975-2005 (1968 SNA 기준) > 금융거래표(1975~2005)
281Y005,금융자산부채잔액표(1975~2005),Q,국민계정 > 자금순환표 > 1975-2005 (1968 SNA 기준) > 금융자산부채잔액표(1975~2005)
281Y011,금융거래표(1970~1974),A,국민계정 > 자금순환표 > 1969-1974 (1968 SNA 기준) > 금융거래표(1970~1974)
281Y012,금융자산부채잔액표(1969~1974),A,국민계정 > 자금순환표 > 1969-1974 (1968 SNA 기준) > 금융자산부채잔액표(1969~1974)
281Y009,금융거래표(1963~1970),A,국민계정 > 자금순환표 > 1962-1970 (1953 SNA 기준) > 금융거래표(1963~1970)
281Y010,금융자산부채잔액표(1962~1970),A,국민계정 > 자금순환표 > 1962-1970 (1953 SNA 기준) > 금융자산부채잔액표(1962~1970)
291Y501,"자산별 순자본스톡(명목, 연말기준)",A,"국민계정 > 국민대차대조표(2020년 기준년) > 자산별 자본스톡 > 자산별 순자본스톡 > 자산별 순자본스톡(명목, 연말기준)"
291Y502,"자산별 순자본스톡(실질, 연말기준)",A,"국민계정 > 국민대차대조표(2020년 기준년) > 자산별 자본스톡 > 자산별 순자본스톡 > 자산별 순자본스톡(실질, 연말기준)"
291Y503,"자산별 생산자본스톡(명목, 연말기준)",A,"국민계정 > 국민대차대조표(2020년 기준년) > 자산별 자본스톡 > 자산별 생산자본스톡 > 자산별 생산자본스톡(명목, 연말기준)"
291Y504,"자산별 생산자본스톡(실질, 연말기준)",A,"국민계정 > 국민대차대조표(2020년 기준년) > 자산별 자본스톡 > 자산별 생산자본스톡 > 자산별 생산자본스톡(실질, 연말기준)"
291Y505,"제도부문별 대차대조표(명목, 연말기준)",A,"국민계정 > 국민대차대조표(2020년 기준년) > 제도부문별 대차대조표 > 제도부문별 대차대조표(명목, 연말기준)"
291Y506,자산/부채의 증감(명목),A,국민계정 > 국민대차대조표(2020년 기준년) > 제도부문별 대차대조표 > 자산/부채의 증감(명목)
291Y507,순자산 증감(명목),A,국민계정 > 국민대차대조표(2020년 기준년) > 제도부문별 대차대조표 > 순자산 증감(명목)
291Y508,"제도부문별 순자본스톡(명목, 연말기준)",A,"국민계정 > 국민대차대조표(2020년 기준년) > 제도부문별 순자본스톡 > 제도부문별 순자본스톡(명목, 연말기준)"
291Y509,제도부문별 비금융자산별 명목보유손익(명목),A,국민계정 > 국민대차대조표(2020년 기준년) > 제도부문별 비금융자산별 보유손익(명목) > 제도부문별 비금융자산별 명목보유손익(명목)
291Y510,제도부문별 비금융자산별 중립보유손익(명목),A,국민계정 > 국민대차대조표(2020년 기준년) > 제도부문별 비금융자산별 보유손익(명목) > 제도부문별 비금융자산별 중립보유손익(명목)
291Y511,제도부문별 비금융자산별 실질보유손익(명목),A,국민계정 > 국민대차대조표(2020년 기준년) > 제도부문별 비금융자산별 보유손익(명목) > 제도부문별 비금융자산별 실질보유손익(명목)
291Y512,"제도부문별 생산자본스톡(명목, 연말기준)",A,"국민계정 > 국민대차대조표(2020년 기준년) > 제도부문별 생산자본스톡 > 제도부문별 생산자본스톡(명목, 연말기준)"
291Y513,"제도부문별 생산자본스톡(실질, 연말기준)",A,"국민계정 > 국민대차대조표(2020년 기준년) > 제도부문별 생산자본스톡 > 제도부문별 생산자본스톡(실질, 연말기준)"
291Y514,제도부문별 연쇄라스파이레스 자본서비스물량지수,A,국민계정 > 국민대차대조표(2020년 기준년) > 제도부문별 자본서비스물량지수 > 제도부문별 연쇄라스파이레스 자본서비스물량지수
291Y515,제도부문별 연쇄통크비스트 자본서비스물량지수,A,국민계정 > 국민대차대조표(2020년 기준년) > 제도부문별 자본서비스물량지수 > 제도부문별 연쇄통크비스트 자본서비스물량지수
291Y516,"제도부문별 자본사용자비용 비중(명목, %)",A,"국민계정 > 국민대차대조표(2020년 기준년) > 제도부문별 자본서비스물량지수 > 제도부문별 자본사용자비용 비중(명목, %)"
291Y517,"경제활동별 순자본스톡(명목, 연말기준)",A,"국민계정 > 국민대차대조표(2020년 기준년) > 경제활동별 순자본스톡 > 경제활동별 순자본스톡(명목, 연말기준)"
291Y518,"경제활동별 순자본스톡(실질, 연말기준)",A,"국민계정 > 국민대차대조표(2020년 기준년) > 경제활동별 순자본스톡 > 경제활동별 순자본스톡(실질, 연말기준)"
291Y519,"경제활동별 생산자본스톡(명목, 연말기준)",A,"국민계정 > 국민대차대조표(2020년 기준년) > 경제활동별 생산자본스톡 > 경제활동별 생산자본스톡(명목, 연말기준)"
291Y520,"경제활동별 생산자본스톡(실질, 연말기준)",A,"국민계정 > 국민대차대조표(2020년 기준년) > 경제활동별 생산자본스톡 > 경제활동별 생산자본스톡(실질, 연말기준)"
291Y521,경제활동별 연쇄라스파이레스 자본서비스물량지수,A,국민계정 > 국민대차대조표(2020년 기준년) > 경제활동별 자본서비스물량지수 > 경제활동별 연쇄라스파이레스 자본서비스물량지수
291Y522,경제활동별 연쇄통크비스트 자본서비스물량지수,A,국민계정 > 국민대차대조표(2020년 기준년) > 경제활동별 자본서비스물량지수 > 경제활동별 연쇄통크비스트 자본서비스물량지수
291Y523,"경제활동별 자본사용자비용 비중(명목, %)",A,"국민계정 > 국민대차대조표(2020년 기준년) > 경제활동별 자본서비스물량지수 > 경제활동별 자본사용자비용 비중(명목, %)"
291Y524,"시도별 주택 시가총액(명목, 연말기준)",A,"국민계정 > 국민대차대조표(2020년 기준년) > 시도별 주택 시가총액(명목, 연말기준)"
291Y525,"시도별 토지자산 순자본스톡(명목, 연말기준)",A,"국민계정 > 국민대차대조표(2020년 기준년) > 시도별 토지자산 순자본스톡(명목, 연말기준)"
301Y013,국제수지,M,국민계정 > 국제수지표 > 국제수지 > 국제수지
301Y017,경상수지(계절조정),M,국민계정 > 국제수지표 > 국제수지 > 경상수지(계절조정)
301Y014,서비스무역세분류통계,M,국민계정 > 국제수지표 > 국제수지 > 서비스무역세분류통계
301Y015,지역별 경상수지,A,국민계정 > 국제수지표 > 국제수지 > 지역별 경상수지
301Y016,지역별 자본수지/금융계정,A,국민계정 > 국제수지표 > 국제수지 > 지역별 자본수지/금융계정
304Y101,지식서비스 무역통계(유형별),Q,국민계정 > 국제수지표 > 지식서비스 무역통계 > 지식서비스 무역통계 (일반분류) > 지식서비스 무역통계(유형별)
304Y102,지식서비스 무역통계(산업별),Q,국민계정 > 국제수지표 > 지식서비스 무역통계 > 지식서비스 무역통계 (일반분류) > 지식서비스 무역통계(산업별)
304Y103,지식서비스 무역통계(기관형태별),Q,국민계정 > 국제수지표 > 지식서비스 무역통계 > 지식서비스 무역통계 (일반분류) > 지식서비스 무역통계(기관형태별)
304Y104,지식서비스 무역통계(지역별),Q,국민계정 > 국제수지표 > 지식서비스 무역통계 > 지식서비스 무역통계 (일반분류) > 지식서비스 무역통계(지역별)
304Y108,파일 다운로드,S,국민계정 > 국제수지표 > 지식서비스 무역통계 > 지식서비스 무역통계 (일반분류) > 지식서비스 무역통계(교차통계) > 파일 다운로드
304Y105,ICT 산업 특수분류(ICT산업별),Q,국민계정 > 국제수지표 > 지식서비스 무역통계 > ICT 산업 특수분류 > ICT 산업 특수분류(ICT산업별)
304Y109,파일 다운로드,S,국민계정 > 국제수지표 > 지식서비스 무역통계 > ICT 산업 특수분류 > ICT 산업 특수분류(교차통계) > 파일 다운로드
304Y106,콘텐츠 산업 특수분류(콘텐츠산업별),Q,국민계정 > 국제수지표 > 지식서비스 무역통계 > 콘텐츠 산업 특수분류 > 콘텐츠 산업 특수분류(콘텐츠산업별)
304Y110,파일 다운로드,S,국민계정 > 국제수지표 > 지식서비스 무역통계 > 콘텐츠 산업 특수분류 > 콘텐츠 산업 특수분류(교차통계) > 파일 다운로드
304Y107,지식재산권 무역수지(유형별),Q,국민계정 > 국제수지표 > 지식서비스 무역통계 > 지식재산권 무역수지 > 지식재산권 무역수지(유형별)
304Y111,파일 다운로드,S,국민계정 > 국제수지표 > 지식서비스 무역통계 > 지식재산권 무역수지 > 지식재산권 무역수지(교차통계) > 파일 다운로드
311Y001,국제투자대조표(IIP),Q,국민계정 > 국제투자대조표/대외채권채무 > 국제투자대조표 > 국제투자대조표(IIP)
311Y002,지역별 국제투자대조표,A,국민계정 > 국제투자대조표/대외채권채무 > 국제투자대조표 > 지역별 국제투자대조표
311Y003,통화별 국제투자대조표,A,국민계정 > 국제투자대조표/대외채권채무 > 국제투자대조표 > 통화별 국제투자대조표
311Y004,대외채무,Q,국민계정 > 국제투자대조표/대외채권채무 > 대외채무/채권 > 대외채무
311Y005,대외채권,Q,국민계정 > 국제투자대조표/대외채권채무 > 대외채무/채권 > 대외채권
311Y006,순대외채권,Q,국민계정 > 국제투자대조표/대외채권채무 > 대외채무/채권 > 순대외채권
731Y001,주요국 통화의 대원화환율,D,환율/통관수출입/외환보유액 > 환율 > 일일환율 > 주요국 통화의 대원화환율
731Y002,주요국 통화의 대미달러환율,D,환율/통관수출입/외환보유액 > 환율 > 일일환율 > 주요국 통화의 대미달러환율
731Y003,"원화의 대미달러, 원화의 대위안/대엔 환율",D,"환율/통관수출입/외환보유액 > 환율 > 일일환율 > 원화의 대미달러, 원화의 대위안/대엔 환율"
731Y004,주요국 통화의 대원화환율,M,환율/통관수출입/외환보유액 > 환율 > 평균환율/기말환율 > 주요국 통화의 대원화환율
731Y005,주요국 통화의 대미달러환율,M,환율/통관수출입/외환보유액 > 환율 > 평균환율/기말환율 > 주요국 통화의 대미달러환율
731Y006,"원화의 대미달러, 원화의 대위안/대엔 환율",M,"환율/통관수출입/외환보유액 > 환율 > 평균환율/기말환율 > 원화의 대미달러, 원화의 대위안/대엔 환율"
901Y118,수출입 총괄,M,환율/통관수출입/외환보유액 > 통관기준 수출입 > 수출입 총괄
901Y119,대륙별 수출입,M,환율/통관수출입/외환보유액 > 통관기준 수출입 > 대륙별 수출입
901Y121,국가별 수출입,M,환율/통관수출입/외환보유액 > 통관기준 수출입 > 국가별 수출입
901Y092,성질별 수출입,M,환율/통관수출입/외환보유액 > 통관기준 수출입 > 성질별 수출입
303Y001,지역별 결제통화(수출),M,환율/통관수출입/외환보유액 > 통관기준 수출입 > 결제통화별 수출입 > 결제통화별 수출 > 지역별 결제통화(수출)
303Y002,국가별 결제통화(수출),M,환율/통관수출입/외환보유액 > 통관기준 수출입 > 결제통화별 수출입 > 결제통화별 수출 > 국가별 결제통화(수출)
303Y003,"지역별,국가별 원화결제(수출)",M,"환율/통관수출입/외환보유액 > 통관기준 수출입 > 결제통화별 수출입 > 결제통화별 수출 > 지역별,국가별 원화결제(수출)"
303Y004,지역별 결제통화(수입),M,환율/통관수출입/외환보유액 > 통관기준 수출입 > 결제통화별 수출입 > 결제통화별 수입 > 지역별 결제통화(수입)
303Y005,국가별 결제통화(수입),M,환율/통관수출입/외환보유액 > 통관기준 수출입 > 결제통화별 수출입 > 결제통화별 수입 > 국가별 결제통화(수입)
303Y006,"지역별,국가별 원화결제(수입)",M,"환율/통관수출입/외환보유액 > 통관기준 수출입 > 결제통화별 수출입 > 결제통화별 수입 > 지역별,국가별 원화결제(수입)"
403Y001,수출금액지수,M,환율/통관수출입/외환보유액 > 무역지수/교역조건지수(2020=100) > 수출입 금액/물량지수 > 수출 금액/물량지수 > 수출금액지수
403Y002,수출물량지수,M,환율/통관수출입/외환보유액 > 무역지수/교역조건지수(2020=100) > 수출입 금액/물량지수 > 수출 금액/물량지수 > 수출물량지수
403Y003,수입금액지수,M,환율/통관수출입/외환보유액 > 무역지수/교역조건지수(2020=100) > 수출입 금액/물량지수 > 수입 금액/물량지수 > 수입금액지수
403Y004,수입물량지수,M,환율/통관수출입/외환보유액 > 무역지수/교역조건지수(2020=100) > 수출입 금액/물량지수 > 수입 금액/물량지수 > 수입물량지수
403Y005,교역조건지수,M,환율/통관수출입/외환보유액 > 무역지수/교역조건지수(2020=100) > 교역조건지수
901Y060,해외직접투자,M,환율/통관수출입/외환보유액 > 해외투자/차관 > 해외직접투자
901Y061,외국인직접투자,Q,환율/통관수출입/외환보유액 > 해외투자/차관 > 외국인직접투자
732Y001,외환보유액,M,환율/통관수출입/외환보유액 > 외환보유액
404Y014,생산자물가지수(기본분류),M,물가 > 생산자물가지수(2020=100) > 생산자물가지수 > 생산자물가지수(기본분류)
404Y015,생산자물가지수(특수분류),M,물가 > 생산자물가지수(2020=100) > 생산자물가지수 > 생산자물가지수(특수분류)
404Y016,생산자물가지수(품목별),M,물가 > 생산자물가지수(2020=100) > 생산자물가지수 > 생산자물가지수(품목별)
404Y017,생산자물가지수-총지수(1910~1964),M,물가 > 생산자물가지수(2020=100) > 생산자물가지수 > 생산자물가지수-총지수(1910~1964)
405Y006,국내공급물가지수,M,물가 > 생산자물가지수(2020=100) > 국내공급물가지수
405Y007,총산출물가지수,M,물가 > 생산자물가지수(2020=100) > 총산출물가지수
901Y009,소비자물가지수,M,물가 > 소비자물가지수(2020=100) > 소비자물가지수
901Y010,소비자물가지수(특수분류),M,물가 > 소비자물가지수(2020=100) > 소비자물가지수(특수분류)
402Y014,수출물가지수(기본분류),M,물가 > 수출/수입물가지수(2020=100) > 수출물가지수 > 수출물가지수(기본분류)
402Y015,수출물가지수(특수분류),M,물가 > 수출/수입물가지수(2020=100) > 수출물가지수 > 수출물가지수(특수분류)
402Y016,수출물가지수(품목별),M,물가 > 수출/수입물가지수(2020=100) > 수출물가지수 > 수출물가지수(품목별)
401Y015,수입물가지수(기본분류),M,물가 > 수출/수입물가지수(2020=100) > 수입물가지수 > 수입물가지수(기본분류)
401Y016,수입물가지수(특수분류),M,물가 > 수출/수입물가지수(2020=100) > 수입물가지수 > 수입물가지수(특수분류)
401Y017,수입물가지수(품목별),M,물가 > 수출/수입물가지수(2020=100) > 수입물가지수 > 수입물가지수(품목별)
401Y018,수입물가지수(용도별),M,물가 > 수출/수입물가지수(2020=100) > 수입물가지수 > 수입물가지수(용도별)
901Y062,주택매매가격지수(KB),M,물가 > 부동산 가격지수 > 주택가격지수(KB) > 주택매매가격지수(KB)
901Y063,주택전세가격지수(KB),M,물가 > 부동산 가격지수 > 주택가격지수(KB) > 주택전세가격지수(KB)
901Y064,지역별 지가변동률,M,물가 > 부동산 가격지수 > 지역별 지가변동률
901Y113,유형별 주택매매가격지수(기준월: 2025.03),M,물가 > 부동산 가격지수 > 유형별 주택가격지수 > 유형별 주택매매가격지수 > 유형별 주택매매가격지수(기준월: 2025.03)
901Y093,유형별 주택매매가격지수(기준월: 2021.06),M,물가 > 부동산 가격지수 > 유형별 주택가격지수 > 유형별 주택매매가격지수 > 유형별 주택매매가격지수(기준월: 2021.06)
901Y114,유형별 주택전세가격지수(기준월: 2025.03),M,물가 > 부동산 가격지수 > 유형별 주택가격지수 > 유형별 주택전세가격지수 > 유형별 주택전세가격지수(기준월: 2025.03)
901Y094,유형별 주택전세가격지수(기준월: 2021.06),M,물가 > 부동산 가격지수 > 유형별 주택가격지수 > 유형별 주택전세가격지수 > 유형별 주택전세가격지수(기준월: 2021.06)
901Y115,유형별 주택월세통합가격지수(기준월: 2025.03),M,물가 > 부동산 가격지수 > 유형별 주택가격지수 > 유형별 주택월세통합가격지수 > 유형별 주택월세통합가격지수(기준월: 2025.03)
901Y095,유형별 주택월세통합가격지수(기준월: 2021.06),M,물가 > 부동산 가격지수 > 유형별 주택가격지수 > 유형별 주택월세통합가격지수 > 유형별 주택월세통합가격지수(기준월: 2021.06)
901Y089,아파트 매매 실거래가격지수,M,물가 > 부동산 가격지수 > 아파트 매매 실거래가격지수
901Y096,상권별 오피스임대가격지수,Q,물가 > 부동산 가격지수 > 상권별 임대가격지수 > 상권별 오피스임대가격지수
901Y097,상권별 중대형 상가 임대가격지수,Q,물가 > 부동산 가격지수 > 상권별 임대가격지수 > 상권별 중대형 상가 임대가격지수
501Y005,"성장성 지표(제11차 한국표준산업분류, 2009~)",A,"기업경영분석 > 기업경영분석지표(연) > 성장성 지표 > 성장성 지표(제11차 한국표준산업분류, 2009~)"
501Y019,"성장성 지표(중소기업기본법, 2015~2016)",A,"기업경영분석 > 기업경영분석지표(연) > 성장성 지표 > 성장성 지표(중소기업기본법, 2015~2016)"
501Y020,"성장성 지표(조세특례제한법, 2009~2014)",A,"기업경영분석 > 기업경영분석지표(연) > 성장성 지표 > 성장성 지표(조세특례제한법, 2009~2014)"
501Y021,"성장성 지표(2007~2010, 표본조사)",A,"기업경영분석 > 기업경영분석지표(연) > 성장성 지표 > 성장성 지표(2007~2010, 표본조사)"
501Y022,"성장성 지표(1998~2007, 표본조사)",A,"기업경영분석 > 기업경영분석지표(연) > 성장성 지표 > 성장성 지표(1998~2007, 표본조사)"
501Y023,"성장성 지표(1990~1997, 표본조사)",A,"기업경영분석 > 기업경영분석지표(연) > 성장성 지표 > 성장성 지표(1990~1997, 표본조사)"
501Y006,"손익 지표(제11차 한국표준산업분류, 2009~)",A,"기업경영분석 > 기업경영분석지표(연) > 손익 지표 > 손익 지표(제11차 한국표준산업분류, 2009~)"
501Y024,"손익 지표(중소기업기본법, 2015~2016)",A,"기업경영분석 > 기업경영분석지표(연) > 손익 지표 > 손익 지표(중소기업기본법, 2015~2016)"
501Y025,"손익 지표(조세특례제한법, 2009~2014)",A,"기업경영분석 > 기업경영분석지표(연) > 손익 지표 > 손익 지표(조세특례제한법, 2009~2014)"
501Y026,"손익 지표(2007~2010, 표본조사)",A,"기업경영분석 > 기업경영분석지표(연) > 손익 지표 > 손익 지표(2007~2010, 표본조사)"
501Y027,"손익 지표(1998~2007, 표본조사)",A,"기업경영분석 > 기업경영분석지표(연) > 손익 지표 > 손익 지표(1998~2007, 표본조사)"
501Y028,"손익 지표(1990~1997, 표본조사)",A,"기업경영분석 > 기업경영분석지표(연) > 손익 지표 > 손익 지표(1990~1997, 표본조사)"
501Y007,"자산/자본 지표(제11차 한국표준산업분류, 2009~)",A,"기업경영분석 > 기업경영분석지표(연) > 자산/자본 지표 > 자산/자본 지표(제11차 한국표준산업분류, 2009~)"
501Y029,"자산/자본 지표(중소기업기본법, 2015~2016)",A,"기업경영분석 > 기업경영분석지표(연) > 자산/자본 지표 > 자산/자본 지표(중소기업기본법, 2015~2016)"
501Y030,"자산/자본 지표(조세특례제한법, 2009~2014)",A,"기업경영분석 > 기업경영분석지표(연) > 자산/자본 지표 > 자산/자본 지표(조세특례제한법, 2009~2014)"
501Y031,"자산/자본 지표(2007~2010, 표본조사)",A,"기업경영분석 > 기업경영분석지표(연) > 자산/자본 지표 > 자산/자본 지표(2007~2010, 표본조사)"
501Y032,"자산/자본 지표(1998~2007, 표본조사)",A,"기업경영분석 > 기업경영분석지표(연) > 자산/자본 지표 > 자산/자본 지표(1998~2007, 표본조사)"
501Y033,"자산/자본 지표(1990~1997, 표본조사)",A,"기업경영분석 > 기업경영분석지표(연) > 자산/자본 지표 > 자산/자본 지표(1990~1997, 표본조사)"
501Y008,"자산/자본 회전율(제11차 한국표준산업분류, 2009~)",A,"기업경영분석 > 기업경영분석지표(연) > 자산/자본 회전율 > 자산/자본 회전율(제11차 한국표준산업분류, 2009~)"
501Y034,"자산/자본 회전율(중소기업기본법, 2015~2016)",A,"기업경영분석 > 기업경영분석지표(연) > 자산/자본 회전율 > 자산/자본 회전율(중소기업기본법, 2015~2016)"
501Y035,"자산/자본 회전율(조세특례제한법, 2009~2014)",A,"기업경영분석 > 기업경영분석지표(연) > 자산/자본 회전율 > 자산/자본 회전율(조세특례제한법, 2009~2014)"
501Y036,"자산/자본 회전율(2007~2010, 표본조사)",A,"기업경영분석 > 기업경영분석지표(연) > 자산/자본 회전율 > 자산/자본 회전율(2007~2010, 표본조사)"
501Y037,"자산/자본 회전율(1998~2007, 표본조사)",A,"기업경영분석 > 기업경영분석지표(연) > 자산/자본 회전율 > 자산/자본 회전율(1998~2007, 표본조사)"
501Y038,"자산/자본 회전율(1990~1997, 표본조사)",A,"기업경영분석 > 기업경영분석지표(연) > 자산/자본 회전율 > 자산/자본 회전율(1990~1997, 표본조사)"
501Y009,"생산성 지표(제11차 한국표준산업분류, 2009~)",A,"기업경영분석 > 기업경영분석지표(연) > 생산성 지표 > 생산성 지표(제11차 한국표준산업분류, 2009~)"
501Y039,"생산성 지표(중소기업기본법, 2015~2016)",A,"기업경영분석 > 기업경영분석지표(연) > 생산성 지표 > 생산성 지표(중소기업기본법, 2015~2016)"
501Y040,"생산성 지표(조세특례제한법, 2009~2014)",A,"기업경영분석 > 기업경영분석지표(연) > 생산성 지표 > 생산성 지표(조세특례제한법, 2009~2014)"
501Y041,"생산성 지표(2007~2010, 표본조사)",A,"기업경영분석 > 기업경영분석지표(연) > 생산성 지표 > 생산성 지표(2007~2010, 표본조사)"
501Y042,"생산성 지표(2002~2007, 표본조사)",A,"기업경영분석 > 기업경영분석지표(연) > 생산성 지표 > 생산성 지표(2002~2007, 표본조사)"
501Y043,"생산성 지표(1998~2006, 표본조사)",A,"기업경영분석 > 기업경영분석지표(연) > 생산성 지표 > 생산성 지표(1998~2006, 표본조사)"
501Y044,"생산성 지표(1990~1997, 표본조사)",A,"기업경영분석 > 기업경영분석지표(연) > 생산성 지표 > 생산성 지표(1990~1997, 표본조사)"
501Y086,"분위수(제11차 한국표준산업분류, 2013~)",A,"기업경영분석 > 기업경영분석지표(연) > 분위수 > 분위수(제11차 한국표준산업분류, 2013~)"
502Y001,성장성 지표,Q,기업경영분석 > 기업경영분석지표(분기) > 성장성 지표
502Y002,손익 지표,Q,기업경영분석 > 기업경영분석지표(분기) > 손익 지표
502Y003,자산/자본 지표,Q,기업경영분석 > 기업경영분석지표(분기) > 자산/자본 지표
502Y004,자산 회전율,Q,기업경영분석 > 기업경영분석지표(분기) > 자산 회전율
501Y001,"재무상태표(제11차 한국표준산업분류, 2009~)",A,"기업경영분석 > 재무상태표(연) > 재무상태표(제11차 한국표준산업분류, 2009~)"
501Y049,"재무상태표(중소기업기본법, 2015~2016)",A,"기업경영분석 > 재무상태표(연) > 재무상태표(중소기업기본법, 2015~2016)"
501Y050,"재무상태표(조세특례제한법, 2009~2014)",A,"기업경영분석 > 재무상태표(연) > 재무상태표(조세특례제한법, 2009~2014)"
501Y051,"재무상태표(2008~2010, 표본조사)",A,"기업경영분석 > 재무상태표(연) > 재무상태표(2008~2010, 표본조사)"
501Y052,"재무상태표(2000~2007, 표본조사)",A,"기업경영분석 > 재무상태표(연) > 재무상태표(2000~2007, 표본조사)"
501Y053,"재무상태표(1999, 표본조사)",A,"기업경영분석 > 재무상태표(연) > 재무상태표(1999, 표본조사)"
501Y054,"재무상태표(1997~1998, 표본조사)",A,"기업경영분석 > 재무상태표(연) > 재무상태표(1997~1998, 표본조사)"
501Y055,"재무상태표(1990~1996, 표본조사)",A,"기업경영분석 > 재무상태표(연) > 재무상태표(1990~1996, 표본조사)"
501Y002,"손익계산서(제11차 한국표준산업분류, 2009~)",A,"기업경영분석 > 손익계산서(연) > 손익계산서(제11차 한국표준산업분류, 2009~)"
501Y056,"손익계산서(중소기업기본법, 2015~2016)",A,"기업경영분석 > 손익계산서(연) > 손익계산서(중소기업기본법, 2015~2016)"
501Y057,"손익계산서(조세특례제한법, 2009~2014)",A,"기업경영분석 > 손익계산서(연) > 손익계산서(조세특례제한법, 2009~2014)"
501Y058,"손익계산서(2008~2010, 표본조사)",A,"기업경영분석 > 손익계산서(연) > 손익계산서(2008~2010, 표본조사)"
501Y059,"손익계산서(2000~2007, 표본조사)",A,"기업경영분석 > 손익계산서(연) > 손익계산서(2000~2007, 표본조사)"
501Y060,"손익계산서(1999, 표본조사)",A,"기업경영분석 > 손익계산서(연) > 손익계산서(1999, 표본조사)"
501Y061,"손익계산서(1997~1998, 표본조사)",A,"기업경영분석 > 손익계산서(연) > 손익계산서(1997~1998, 표본조사)"
501Y062,"손익계산서(1990~1996, 표본조사)",A,"기업경영분석 > 손익계산서(연) > 손익계산서(1990~1996, 표본조사)"
501Y003,"제조원가명세서(제11차 한국표준산업분류, 2009~)",A,"기업경영분석 > 제조원가명세서(연) > 제조원가명세서(제11차 한국표준산업분류, 2009~)"
501Y063,"제조원가명세서(중소기업기본법, 2015~2016)",A,"기업경영분석 > 제조원가명세서(연) > 제조원가명세서(중소기업기본법, 2015~2016)"
501Y064,"제조원가명세서(조세특례제한법, 2009~2014)",A,"기업경영분석 > 제조원가명세서(연) > 제조원가명세서(조세특례제한법, 2009~2014)"
501Y065,"제조원가명세서(2007~2010, 표본조사)",A,"기업경영분석 > 제조원가명세서(연) > 제조원가명세서(2007~2010, 표본조사)"
501Y066,"제조원가명세서(2000~2007, 표본조사)",A,"기업경영분석 > 제조원가명세서(연) > 제조원가명세서(2000~2007, 표본조사)"
501Y067,"제조원가명세서(1990~1999, 표본조사)",A,"기업경영분석 > 제조원가명세서(연) > 제조원가명세서(1990~1999, 표본조사)"
501Y004,"이익잉여금 처분계산서(제11차 한국표준산업분류, 2009~)",A,"기업경영분석 > 이익잉여금 처분계산서(연) > 이익잉여금 처분계산서(제11차 한국표준산업분류, 2009~)"
501Y068,"이익잉여금 처분계산서(중소기업기본법, 2015~2016)",A,"기업경영분석 > 이익잉여금 처분계산서(연) > 이익잉여금 처분계산서(중소기업기본법, 2015~2016)"
501Y069,"이익잉여금 처분계산서(조세특례제한법, 2009~2014)",A,"기업경영분석 > 이익잉여금 처분계산서(연) > 이익잉여금 처분계산서(조세특례제한법, 2009~2014)"
501Y070,"이익잉여금 처분계산서(2007~2010, 표본조사)",A,"기업경영분석 > 이익잉여금 처분계산서(연) > 이익잉여금 처분계산서(2007~2010, 표본조사)"
501Y071,"이익잉여금 처분계산서(2000~2007, 표본조사)",A,"기업경영분석 > 이익잉여금 처분계산서(연) > 이익잉여금 처분계산서(2000~2007, 표본조사)"
501Y072,"이익잉여금 처분계산서(1990~1999, 표본조사)",A,"기업경영분석 > 이익잉여금 처분계산서(연) > 이익잉여금 처분계산서(1990~1999, 표본조사)"
501Y010,"부가가치 구성(제11차 한국표준산업분류, 2009~)",A,"기업경영분석 > 부가가치 구성(연) > 부가가치 구성(제11차 한국표준산업분류, 2009~)"
501Y073,"부가가치 구성(중소기업기본법, 2015~2016)",A,"기업경영분석 > 부가가치 구성(연) > 부가가치 구성(중소기업기본법, 2015~2016)"
501Y074,"부가가치 구성(조세특례제한법, 2009~2014)",A,"기업경영분석 > 부가가치 구성(연) > 부가가치 구성(조세특례제한법, 2009~2014)"
501Y075,"부가가치 구성(2007~2010, 표본조사)",A,"기업경영분석 > 부가가치 구성(연) > 부가가치 구성(2007~2010, 표본조사)"
501Y076,"부가가치 구성(2002~2007, 표본조사)",A,"기업경영분석 > 부가가치 구성(연) > 부가가치 구성(2002~2007, 표본조사)"
501Y077,"부가가치 구성(1998~2006, 표본조사)",A,"기업경영분석 > 부가가치 구성(연) > 부가가치 구성(1998~2006, 표본조사)"
501Y078,"부가가치 구성(1990~1997, 표본조사)",A,"기업경영분석 > 부가가치 구성(연) > 부가가치 구성(1990~1997, 표본조사)"
501Y013,현금흐름표(2012~),A,기업경영분석 > 현금흐름표(연) > 현금흐름표 > 현금흐름표(2012~)
501Y079,현금흐름표(2008~2011),A,기업경영분석 > 현금흐름표(연) > 현금흐름표 > 현금흐름표(2008~2011)
501Y080,현금흐름표(1995~2007),A,기업경영분석 > 현금흐름표(연) > 현금흐름표 > 현금흐름표(1995~2007)
501Y014,현금흐름관련 기타 주요 재무항목(2012~),A,기업경영분석 > 현금흐름표(연) > 현금흐름관련 기타 주요 재무항목 > 현금흐름관련 기타 주요 재무항목(2012~)
501Y081,현금흐름관련 기타 주요 재무항목(2008~2011),A,기업경영분석 > 현금흐름표(연) > 현금흐름관련 기타 주요 재무항목 > 현금흐름관련 기타 주요 재무항목(2008~2011)
501Y082,현금흐름관련 기타 주요 재무항목(1995~2007),A,기업경영분석 > 현금흐름표(연) > 현금흐름관련 기타 주요 재무항목 > 현금흐름관련 기타 주요 재무항목(1995~2007)
501Y015,현금흐름비율(2012~),A,기업경영분석 > 현금흐름표(연) > 현금흐름비율 > 현금흐름비율(2012~)
501Y083,현금흐름비율(2008~2011),A,기업경영분석 > 현금흐름표(연) > 현금흐름비율 > 현금흐름비율(2008~2011)
501Y084,현금흐름비율(1995~2007),A,기업경영분석 > 현금흐름표(연) > 현금흐름비율 > 현금흐름비율(1995~2007)
503Y005,성장성 지표,A,기업경영분석 > 지역별 기업경영분석 > 기업경영분석(11차한국표준산업분류) > 성장성 지표
503Y006,손익 지표,A,기업경영분석 > 지역별 기업경영분석 > 기업경영분석(11차한국표준산업분류) > 손익 지표
503Y007,자산/자본 지표,A,기업경영분석 > 지역별 기업경영분석 > 기업경영분석(11차한국표준산업분류) > 자산/자본 지표
503Y008,자산/자본 회전율,A,기업경영분석 > 지역별 기업경영분석 > 기업경영분석(11차한국표준산업분류) > 자산/자본 회전율
503Y009,생산성 지표,A,기업경영분석 > 지역별 기업경영분석 > 기업경영분석(11차한국표준산업분류) > 생산성 지표
503Y001,재무상태표,A,기업경영분석 > 지역별 기업경영분석 > 기업경영분석(11차한국표준산업분류) > 재무상태표
503Y002,손익계산서,A,기업경영분석 > 지역별 기업경영분석 > 기업경영분석(11차한국표준산업분류) > 손익계산서
503Y003,제조원가명세서,A,기업경영분석 > 지역별 기업경영분석 > 기업경영분석(11차한국표준산업분류) > 제조원가명세서
503Y004,이익잉여금 처분계산서,A,기업경영분석 > 지역별 기업경영분석 > 기업경영분석(11차한국표준산업분류) > 이익잉여금 처분계산서
503Y010,부가가치 구성,A,기업경영분석 > 지역별 기업경영분석 > 기업경영분석(11차한국표준산업분류) > 부가가치 구성
512Y013,기업경기조사(실적),M,심리지수 > 기업경기조사 > 기업경기조사 > 기업경기조사(실적)
512Y014,기업경기조사(전망),M,심리지수 > 기업경기조사 > 기업경기조사 > 기업경기조사(전망)
512Y015,기업경기조사(매출액가중 실적),M,심리지수 > 기업경기조사 > 기업경기조사 > 기업경기조사(매출액가중 실적)
512Y016,기업경기조사(매출액가중 전망),M,심리지수 > 기업경기조사 > 기업경기조사 > 기업경기조사(매출액가중 전망)
512Y017,기업경기조사((구)실적(~2012.6)),M,심리지수 > 기업경기조사 > 기업경기조사 > 기업경기조사((구)실적(~2012.6))
512Y018,기업경기조사((구)전망(~2012.7)),M,심리지수 > 기업경기조사 > 기업경기조사 > 기업경기조사((구)전망(~2012.7))
512Y007,"업종별 기업경기실사지수, 2009.8~(실적)",M,"심리지수 > 기업경기조사 > 업종별 기업경기조사, 2009.8~ > 업종별 기업경기실사지수, 2009.8~(실적)"
512Y008,"업종별 기업경기실사지수, 2009.9~(전망)",M,"심리지수 > 기업경기조사 > 업종별 기업경기조사, 2009.8~ > 업종별 기업경기실사지수, 2009.9~(전망)"
512Y001,"업종별 기업경기실사지수, ~2009.7(실적)",M,"심리지수 > 기업경기조사 > 업종별 기업경기조사, ~2009.8 > 업종별 기업경기실사지수, ~2009.7(실적)"
512Y002,"업종별 기업경기실사지수, ~2009.8(전망)",M,"심리지수 > 기업경기조사 > 업종별 기업경기조사, ~2009.8 > 업종별 기업경기실사지수, ~2009.8(전망)"
512Y021,경영애로사항,M,심리지수 > 기업경기조사 > 경영애로사항
512Y019,지역별 기업경기조사(실적(2013.1~)),M,심리지수 > 기업경기조사 > 지역별 기업경기조사 > 지역별 기업경기조사(실적(2013.1~))
512Y020,지역별 기업경기조사(전망(2013.2~)),M,심리지수 > 기업경기조사 > 지역별 기업경기조사 > 지역별 기업경기조사(전망(2013.2~))
512Y011,지역별 기업경기조사(실적(~2012.12)),M,심리지수 > 기업경기조사 > 지역별 기업경기조사 > 지역별 기업경기조사(실적(~2012.12))
512Y012,지역별 기업경기조사(전망(~2013.1)),M,심리지수 > 기업경기조사 > 지역별 기업경기조사 > 지역별 기업경기조사(전망(~2013.1))
511Y002,"소비자동향조사(전국, 월, 2008.9~)",M,"심리지수 > 소비자동향조사 > 소비자동향조사(전국, 월, 2008.9~)"
511Y001,"소비자동향조사(전국, 분기, 1995.3/4~2008.2/4)",Q,"심리지수 > 소비자동향조사 > 소비자동향조사(전국, 분기, 1995.3/4~2008.2/4)"
511Y003,"기대인플레이션율(전국, 월)",M,"심리지수 > 소비자동향조사 > 기대인플레이션율(전국, 월)"
511Y004,"소비자동향조사(지역, 월)",M,"심리지수 > 소비자동향조사 > 소비자동향조사(지역, 월)"
513Y001,경제심리지수,M,심리지수 > 경제심리지수
521Y001,뉴스심리지수(실험적 통계),D,심리지수 > 뉴스심리지수(실험적 통계)
514Y001,대출행태서베이(대출태도),Q,심리지수 > 대출행태서베이 > 대출행태서베이(대출태도)
514Y002,대출행태서베이(신용위험),Q,심리지수 > 대출행태서베이 > 대출행태서베이(신용위험)
514Y003,대출행태서베이(대출수요),Q,심리지수 > 대출행태서베이 > 대출행태서베이(대출수요)
801Y002,어음교환 및 부도,M,지급결제 > 어음교환 및 부도 > 어음교환 및 부도
801Y003,지역별 어음부도율,M,지급결제 > 어음교환 및 부도 > 지역별 어음부도율
606Y002,한은금융망,M,지급결제 > 한은금융망 통계 > 한은금융망
603Y001,한은금융망결제통계표,M,지급결제 > 한은금융망 통계 > 회계결제시스템 통계 > 한은금융망결제통계표
603Y010,지급결제동향,M,지급결제 > 한은금융망 통계 > 회계결제시스템 통계 > 지급결제동향
604Y003,지로시스템,M,지급결제 > 지로시스템 및 금융공동망 > 지로시스템
605Y012,금융공동망,M,지급결제 > 지로시스템 및 금융공동망 > 금융공동망
602Y001,결제시스템별 통계,M,지급결제 > BIS기준통계 > 결제시스템별 통계
602Y002,지급수단별 통계,M,지급결제 > BIS기준통계 > 지급수단별 통계
601Y003,신용카드,M,지급결제 > 신용카드 > 신용카드
601Y002,지역별 소비유형별 개인 신용카드,M,지급결제 > 신용카드 > 지역별 소비유형별 개인 신용카드
631Y001,인터넷뱅킹,Q,지급결제 > 전자금융통계/금융정보화통계 > 전자금융통계 > 인터넷뱅킹
632Y001,전자어음,Q,지급결제 > 전자금융통계/금융정보화통계 > 전자금융통계 > 전자어음
633Y001,전자화폐,Q,지급결제 > 전자금융통계/금융정보화통계 > 전자금융통계 > 전자화폐
633Y002,전자지급결제대행,Q,지급결제 > 전자금융통계/금융정보화통계 > 전자금융통계 > 전자지급서비스 > 전자지급결제대행
633Y003,결제대금예치,Q,지급결제 > 전자금융통계/금융정보화통계 > 전자금융통계 > 전자지급서비스 > 결제대금예치
633Y004,선불전자지급수단,Q,지급결제 > 전자금융통계/금융정보화통계 > 전자금융통계 > 전자지급서비스 > 선불전자지급수단
633Y005,전자고지결제,Q,지급결제 > 전자금융통계/금융정보화통계 > 전자금융통계 > 전자지급서비스 > 전자고지결제
633Y006,직불전자지급수단,Q,지급결제 > 전자금융통계/금융정보화통계 > 전자금융통계 > 전자지급서비스 > 직불전자지급수단
621Y001,전산직원 현황,A,지급결제 > 전자금융통계/금융정보화통계 > 금융정보화 통계 > 은행 > 전산직원 현황
621Y002,전산사무기기 현황,A,지급결제 > 전자금융통계/금융정보화통계 > 금융정보화 통계 > 은행 > 전산사무기기 현황
621Y003,전산예산현황,A,지급결제 > 전자금융통계/금융정보화통계 > 금융정보화 통계 > 은행 > 전산예산현황
621Y004,전자금융서비스현황,A,지급결제 > 전자금융통계/금융정보화통계 > 금융정보화 통계 > 은행 > 전자금융서비스현황
621Y005,CD/ATM 현황,A,지급결제 > 전자금융통계/금융정보화통계 > 금융정보화 통계 > 은행 > CD/ATM 현황
621Y006,직불카드 발급 및 이용현황,A,지급결제 > 전자금융통계/금융정보화통계 > 금융정보화 통계 > 은행 > 직불카드 발급 및 이용현황
621Y007,체크카드 발급 및 이용현황,A,지급결제 > 전자금융통계/금융정보화통계 > 금융정보화 통계 > 은행 > 체크카드 발급 및 이용현황
621Y008,금융공동망현황,A,지급결제 > 전자금융통계/금융정보화통계 > 금융정보화 통계 > 은행 > 금융공동망현황
621Y009,금융공동망의 외부정보망과의 접속현황,A,지급결제 > 전자금융통계/금융정보화통계 > 금융정보화 통계 > 은행 > 금융공동망의 외부정보망과의 접속현황
621Y010,전산직원 현황,A,지급결제 > 전자금융통계/금융정보화통계 > 금융정보화 통계 > 증권 > 전산직원 현황
621Y011,전산사무기기현황,A,지급결제 > 전자금융통계/금융정보화통계 > 금융정보화 통계 > 증권 > 전산사무기기현황
621Y012,전산예산현황,A,지급결제 > 전자금융통계/금융정보화통계 > 금융정보화 통계 > 증권 > 전산예산현황
621Y013,전자금융서비스현황,A,지급결제 > 전자금융통계/금융정보화통계 > 금융정보화 통계 > 증권 > 전자금융서비스현황
621Y014,자체 CD/ATM,A,지급결제 > 전자금융통계/금융정보화통계 > 금융정보화 통계 > 증권 > 자체 CD/ATM
621Y015,증권정보망,A,지급결제 > 전자금융통계/금융정보화통계 > 금융정보화 통계 > 증권 > 증권정보망
621Y016,전산직원현황,A,지급결제 > 전자금융통계/금융정보화통계 > 금융정보화 통계 > 보험 > 전산직원현황
621Y017,전산사무기기현황,A,지급결제 > 전자금융통계/금융정보화통계 > 금융정보화 통계 > 보험 > 전산사무기기현황
621Y018,전산예산현황,A,지급결제 > 전자금융통계/금융정보화통계 > 금융정보화 통계 > 보험 > 전산예산현황
621Y019,전자금융서비스현황,A,지급결제 > 전자금융통계/금융정보화통계 > 금융정보화 통계 > 보험 > 전자금융서비스현황
621Y020,공동이용시스템이용실적,A,지급결제 > 전자금융통계/금융정보화통계 > 금융정보화 통계 > 보험 > 공동이용시스템이용실적
621Y021,전산직원현황,A,지급결제 > 전자금융통계/금융정보화통계 > 금융정보화 통계 > 기타 > 전산직원현황
621Y022,전산사무기기현황,A,지급결제 > 전자금융통계/금융정보화통계 > 금융정보화 통계 > 기타 > 전산사무기기현황
621Y023,전산예산현황,A,지급결제 > 전자금융통계/금융정보화통계 > 금융정보화 통계 > 기타 > 전산예산현황
901Y085,산업별 사업체수/종사자수,A,산업/가계/기타 > 경제일반/경기 > 산업별 사업체수/종사자수
901Y067,경기종합지수,M,산업/가계/기타 > 경제일반/경기 > 경기종합지수
901Y066,설비투자지수,M,산업/가계/기타 > 경제일반/경기 > 설비투자지수
901Y033,전산업생산지수(농림어업제외),M,산업/가계/기타 > 경제일반/경기 > 전산업생산지수(농림어업제외)
901Y068,농어가 인구/가구수,A,산업/가계/기타 > 농림어업 > 농어가 인구/가구수
901Y016,농림생산지수,A,산업/가계/기타 > 농림어업 > 농림생산지수
901Y069,경지면적,A,산업/가계/기타 > 농림어업 > 경지면적
901Y017,어업생산량,M,산업/가계/기타 > 농림어업 > 어업생산량
901Y070,농어가 자산 및 부채,A,산업/가계/기타 > 농림어업 > 농어가 자산 및 부채
901Y032,산업별 생산/출하/재고 지수,M,산업/가계/기타 > 광업/제조업 > 산업별 생산/출하/재고 지수
901Y034,재별 제조업생산지수,M,산업/가계/기타 > 광업/제조업 > 재별 제조업생산지수
901Y036,설비용 기계류 생산지수,M,산업/가계/기타 > 광업/제조업 > 설비용 기계류 생산지수
901Y039,품목별 광공업 생산·출하·재고·내수·수출량,M,산업/가계/기타 > 광업/제조업 > 품목별 광공업 생산·출하·재고·내수·수출량
901Y026,제조업 재고율,M,산업/가계/기타 > 광업/제조업 > 제조업 재고율
901Y035,제조업 생산능력 및 가동률 지수,M,산업/가계/기타 > 광업/제조업 > 제조업 생산능력 및 가동률 지수
901Y025,제조업 평균가동률,M,산업/가계/기타 > 광업/제조업 > 제조업 평균가동률
901Y018,기계수주액,M,산업/가계/기타 > 광업/제조업 > 기계수주액
901Y020,국내건설수주액,M,산업/가계/기타 > 건설/에너지 > 국내건설수주액
901Y104,건설기성액,M,산업/가계/기타 > 건설/에너지 > 건설기성액
901Y103,건축착공현황,M,산업/가계/기타 > 건설/에너지 > 건축착공현황
901Y037,건축허가현황,M,산업/가계/기타 > 건설/에너지 > 건축허가현황
901Y074,미분양주택현황,M,산업/가계/기타 > 건설/에너지 > 미분양주택현황
901Y105,주택건설인허가실적,M,산업/가계/기타 > 건설/에너지 > 주택건설인허가실적
901Y106,주택보유수/주택보급률,A,산업/가계/기타 > 건설/에너지 > 주택보유수/주택보급률
901Y071,발전전력량,A,산업/가계/기타 > 건설/에너지 > 발전전력량
901Y019,부문별전력사용량,M,산업/가계/기타 > 건설/에너지 > 부문별전력사용량
901Y072,일차에너지 공급,M,산업/가계/기타 > 건설/에너지 > 일차에너지 공급
901Y073,석유제품수급,M,산업/가계/기타 > 건설/에너지 > 석유제품수급
901Y038,산업별 서비스업생산지수,M,산업/가계/기타 > 서비스업 > 산업별 서비스업생산지수
901Y100,재별 및 상품군별 판매액지수,M,산업/가계/기타 > 서비스업 > 재별 및 상품군별 판매액지수
901Y098,소매업태별 판매액지수,M,산업/가계/기타 > 서비스업 > 소매업태별 판매액지수
901Y101,도소매업 재고액지수,Q,산업/가계/기타 > 서비스업 > 도소매업 재고액지수
901Y108,여객수송실적,A,산업/가계/기타 > 서비스업 > 여객수송실적
901Y099,자동차등록대수,M,산업/가계/기타 > 서비스업 > 자동차등록대수
901Y075,정보통신서비스 이용실적,A,산업/가계/기타 > 서비스업 > 정보통신서비스 이용실적
901Y028,추계인구/고령인구비율/합계출산율,A,산업/가계/기타 > 인구/노동 > 추계인구/고령인구비율/합계출산율
901Y027,경제활동인구,M,산업/가계/기타 > 인구/노동 > 경제활동인구
901Y086,직종별평균임금,A,산업/가계/기타 > 인구/노동 > 직종별평균임금
901Y052,산업/규모별 임금 및 근로시간,M,산업/가계/기타 > 인구/노동 > 산업/규모별 임금 및 근로시간
901Y107,노동생산성지수,Q,산업/가계/기타 > 인구/노동 > 노동생산성지수
901Y088,단위노동비용지수,Q,산업/가계/기타 > 인구/노동 > 단위노동비용지수
901Y102,시간당 명목임금지수,Q,산업/가계/기타 > 인구/노동 > 시간당 명목임금지수
901Y083,고용보험 가입자수,M,산업/가계/기타 > 인구/노동 > 고용보험 가입자수
901Y084,실업급여수급실적,M,산업/가계/기타 > 인구/노동 > 실업급여수급실적
903Y201,"시도별 자산, 부채, 소득 현황(2017~)",A,"산업/가계/기타 > 가계 > 가계금융복지조사(2017~) > 시도별 자산, 부채, 소득 현황(2017~)"
903Y202,"주택종류별 자산, 부채, 소득 현황(2017~)",A,"산업/가계/기타 > 가계 > 가계금융복지조사(2017~) > 주택종류별 자산, 부채, 소득 현황(2017~)"
903Y203,"입주형태별 자산, 부채, 소득 현황(2017~)",A,"산업/가계/기타 > 가계 > 가계금융복지조사(2017~) > 입주형태별 자산, 부채, 소득 현황(2017~)"
903Y204,"가구원수별 자산, 부채, 소득 현황(2017~)",A,"산업/가계/기타 > 가계 > 가계금융복지조사(2017~) > 가구원수별 자산, 부채, 소득 현황(2017~)"
903Y205,가구주연령계층별(10세) 자산 부채 소득 현황(2022~),A,산업/가계/기타 > 가계 > 가계금융복지조사(2017~) > 가구주연령계층별(10세) 자산 부채 소득 현황(2022~)
903Y206,"가구주연령계층별(10세) 자산, 부채, 소득 현황(2017~)",A,"산업/가계/기타 > 가계 > 가계금융복지조사(2017~) > 가구주연령계층별(10세) 자산, 부채, 소득 현황(2017~)"
903Y209,"가구주 종사상지위별 자산, 부채, 소득 현황(2017~)",A,"산업/가계/기타 > 가계 > 가계금융복지조사(2017~) > 가구주 종사상지위별 자산, 부채, 소득 현황(2017~)"
903Y210,"소득5분위별 자산, 부채, 소득 현황(2017~)",A,"산업/가계/기타 > 가계 > 가계금융복지조사(2017~) > 소득5분위별 자산, 부채, 소득 현황(2017~)"
903Y211,"자산5분위별 자산, 부채, 소득 현황(2017~)",A,"산업/가계/기타 > 가계 > 가계금융복지조사(2017~) > 자산5분위별 자산, 부채, 소득 현황(2017~)"
903Y212,"순자산5분위별 자산, 부채, 소득 현황(2017~)",A,"산업/가계/기타 > 가계 > 가계금융복지조사(2017~) > 순자산5분위별 자산, 부채, 소득 현황(2017~)"
903Y001,"시도별 자산, 부채, 소득 현황(2012~2017)",A,"산업/가계/기타 > 가계 > 가계금융복지조사(2012~2017) > 시도별 자산, 부채, 소득 현황(2012~2017)"
903Y002,"주택종류별 자산, 부채, 소득 현황(2012~2017)",A,"산업/가계/기타 > 가계 > 가계금융복지조사(2012~2017) > 주택종류별 자산, 부채, 소득 현황(2012~2017)"
903Y003,"입주형태별 자산, 부채, 소득 현황(2012~2017)",A,"산업/가계/기타 > 가계 > 가계금융복지조사(2012~2017) > 입주형태별 자산, 부채, 소득 현황(2012~2017)"
903Y004,"가구원수별 자산, 부채, 소득 현황(2012~2017)",A,"산업/가계/기타 > 가계 > 가계금융복지조사(2012~2017) > 가구원수별 자산, 부채, 소득 현황(2012~2017)"
903Y006,"가구주연령계층별(10세) 자산, 부채, 소득 현황(2012~2017)",A,"산업/가계/기타 > 가계 > 가계금융복지조사(2012~2017) > 가구주연령계층별(10세) 자산, 부채, 소득 현황(2012~2017)"
903Y009,"가구주 종사상지위별 자산, 부채, 소득 현황(2012~2017)",A,"산업/가계/기타 > 가계 > 가계금융복지조사(2012~2017) > 가구주 종사상지위별 자산, 부채, 소득 현황(2012~2017)"
903Y010,"소득5분위별 자산, 부채, 소득 현황(2012~2017)",A,"산업/가계/기타 > 가계 > 가계금융복지조사(2012~2017) > 소득5분위별 자산, 부채, 소득 현황(2012~2017)"
903Y011,"자산5분위별 자산, 부채, 소득 현황(2012~2017)",A,"산업/가계/기타 > 가계 > 가계금융복지조사(2012~2017) > 자산5분위별 자산, 부채, 소득 현황(2012~2017)"
903Y012,"순자산5분위별 자산, 부채, 소득 현황(2012~2017)",A,"산업/가계/기타 > 가계 > 가계금융복지조사(2012~2017) > 순자산5분위별 자산, 부채, 소득 현황(2012~2017)"
901Y112,소득분배지표(2011~),A,산업/가계/기타 > 가계 > 소득분배지표(2011~)
901Y117,"가구당 월평균 가계수지(전국, 2인이상)(2019년~)",Q,"산업/가계/기타 > 가계 > 가구당 월평균 가계수지(전국, 2인이상) > 가구당 월평균 가계수지(전국, 2인이상)(2019년~)"
901Y040,"가구당 월평균 가계수지(전국, 2인이상)(구분류, 2019~2024년)",Q,"산업/가계/기타 > 가계 > 가구당 월평균 가계수지(전국, 2인이상) > 가구당 월평균 가계수지(전국, 2인이상)(구분류, 2019~2024년)"
901Y116,"가구당 월평균 가계수지(전국, 1인이상)(2019년~)",Q,"산업/가계/기타 > 가계 > 가구당 월평균 가계수지(전국, 1인이상) > 가구당 월평균 가계수지(전국, 1인이상)(2019년~)"
901Y050,"가구당 월평균 가계수지(전국, 1인이상)(구분류, 2019~2024년)",Q,"산업/가계/기타 > 가계 > 가구당 월평균 가계수지(전국, 1인이상) > 가구당 월평균 가계수지(전국, 1인이상)(구분류, 2019~2024년)"
901Y024,농가가계수지,A,산업/가계/기타 > 가계 > 농가가계수지
902Y004,국제 주요국 본원통화,M,해외/북한 > 주요국제통계 > 통화·금융 > 국제 주요국 본원통화
902Y005,국제 주요국 광의통화,M,해외/북한 > 주요국제통계 > 통화·금융 > 국제 주요국 광의통화
902Y006,국제 주요국 중앙은행 정책금리,M,해외/북한 > 주요국제통계 > 통화·금융 > 국제 주요국 중앙은행 정책금리
902Y007,국제 주요국 생산자물가지수,M,해외/북한 > 주요국제통계 > 물가 > 국제 주요국 생산자물가지수
902Y008,국제 주요국 소비자물가지수,M,해외/북한 > 주요국제통계 > 물가 > 국제 주요국 소비자물가지수
902Y009,국제 주요국 경상수지,Q,해외/북한 > 주요국제통계 > 국제수지/외환 > 국제 주요국 경상수지
902Y010,국제 주요국 상품수지,Q,해외/북한 > 주요국제통계 > 국제수지/외환 > 국제 주요국 상품수지
902Y011,국제 주요국 서비스수지,Q,해외/북한 > 주요국제통계 > 국제수지/외환 > 국제 주요국 서비스수지
902Y012,국제 주요국 수출(통관기준),M,해외/북한 > 주요국제통계 > 국제수지/외환 > 국제 주요국 수출(통관기준)
902Y013,국제 주요국 수입(통관기준),M,해외/북한 > 주요국제통계 > 국제수지/외환 > 국제 주요국 수입(통관기준)
902Y014,국제 주요국 외환보유액,M,해외/북한 > 주요국제통계 > 국제수지/외환 > 국제 주요국 외환보유액
902Y015,국제 주요국 경제성장률,Q,해외/북한 > 주요국제통계 > 국민소득 > 국제 주요국 경제성장률
902Y016,국제 주요국 국내총생산(GDP),A,해외/북한 > 주요국제통계 > 국민소득 > 국제 주요국 국내총생산(GDP)
902Y019,국제 주요국 국내총생산(PPP적용),A,해외/북한 > 주요국제통계 > 국민소득 > 국제 주요국 국내총생산(PPP적용)
902Y017,국제 주요국 국민총소득(GNI),A,해외/북한 > 주요국제통계 > 국민소득 > 국제 주요국 국민총소득(GNI)
902Y018,국제 주요국 1인당 GDP,A,해외/북한 > 주요국제통계 > 국민소득 > 국제 주요국 1인당 GDP
902Y020,국제 주요국 산업생산지수(계절변동조정),M,해외/북한 > 주요국제통계 > 산업/고용 > 국제 주요국 산업생산지수(계절변동조정)
902Y021,국제 주요국 실업률(계절변동조정),M,해외/북한 > 주요국제통계 > 산업/고용 > 국제 주요국 실업률(계절변동조정)
902Y022,국제 주요국 취업자수(계절변동조정),A,해외/북한 > 주요국제통계 > 산업/고용 > 국제 주요국 취업자수(계절변동조정)
902Y023,주요국제금리,M,해외/북한 > 주요국제통계 > 주요시장지표 > 주요국제금리
902Y002,국제 주요국 주가지수,M,해외/북한 > 주요국제통계 > 주요시장지표 > 국제 주요국 주가지수
902Y003,국제상품가격,M,해외/북한 > 주요국제통계 > 주요시장지표 > 국제상품가격
251Y003,총량,A,해외/북한 > 북한 관련 통계 > 남북한 주요지표 비교 > 총량
251Y002,한국/북한 배율,A,해외/북한 > 북한 관련 통계 > 남북한 주요지표 비교 > 한국/북한 배율
251Y001,북한의 경제활동별 국내총생산,A,해외/북한 > 북한 관련 통계 > 북한의 경제활동별 국내총생산
252Y001,시장물가지수,Q,해외/북한 > 북한 관련 통계 > 북한의 시장물가와 환율 > 시장물가지수
252Y002,시장환율,Q,해외/북한 > 북한 관련 통계 > 북한의 시장물가와 환율 > 시장환율
